:020000040000fa
:04005c009603000007
:020000040000fa
:040010009603000053
:020000040000fa
:04025c009603000005
:020000040000fa
:040210009603000051
:020000040000fa
:0402740096030000ed
:020000040000fa
:04033400960300002c
:020000040000fa
:0402700096030000f1
:020000040000fa
:04022c009603000035
:020000040000fa
:04023c009603000025
:020000040000fa
:0402bc0096030000a5
:020000040000fa
:0402c00096030000a1
:020000040000fa
:0402c400960300009d
:020000040000fa
:040228009603000039
:020000040000fa
:0402780096030000e9
:020000040000fa
:04029c0096030000c5
:020000040000fa
:040260009603000001
:020000040000fa
:0402640096030000fd
:020000040000fa
:04027c0096030000e5
:020000040000fa
:0402800096030000e1
:020000040000fa
:0402840096030000dd
:020000040000fa
:0402880096030000d9
:020000040000fa
:0402b00096030000b1
:020000040000fa
:0402b40096030000ad
:020000040000fa
:0402b80096030000a9
:020000040000fa
:040238009603000029
:020000040000fa
:0402c8009603000099
:020000040000fa
:0402d0009603000091
:020000040000fa
:0402d400960300008d
:020000040000fa
:0402d8009603000089
:020000040000fa
:0402e0009603000081
:020000040000fa
:0402e400960300007d
:020000040000fa
:0402e8009603000079
:020000040000fa
:0402f400960300006d
:020000040000fa
:0402f8009603000069
:020000040000fa
:0402fc009603000065
:020000040000fa
:040300009603000060
:020000040000fa
:04030400960300005c
:020000040000fa
:040308009603000058
:020000040000fa
:04030c009603000054
:020000040000fa
:040310009603000050
:020000040000fa
:04031400960300004c
:020000040000fa
:040318009603000048
:020000040000fa
:04031c009603000044
:020000040000fa
:04032400960300003c
:020000040000fa
:040328009603000038
:020000040000fa
:040338009603000028
:020000040000fa
:04033c009603000024
:020000040000fa
:040340009603000020
:020000040000fa
:04034400960300001c
:020000040000fa
:040348009603000018
:020000040000fa
:04026c0096030000f5
:020000040000fa
:0402f0009603000071
:020000040000fa
:040218009603000049
:020000040000fa
:040230009603000031
:020000040000fa
:040240009603000021
:020000040000fa
:04028c0096030000d5
:020000040000fa
:0402900096030000d1
:020000040000fa
:0402cc009603000095
:020000040000fa
:04020c009603000055
:020000040000fa
:0402dc009603000085
:020000040000fa
:040320009603000040
:020000040000fa
:040208009603000059
:020000040000fa
:04021c009603000045
:020000040000fa
:040220009603000041
:020000040000fa
:04022400960300003d
:020000040000fa
:0402680096030000f9
:020000040000fa
:0402ec009603000075
:020000040000fa
:04024c009603000015
:020000040000fa
:040250009603000011
:020000040000fa
:0402a80096030000b9
:020000040000fa
:0402ac0096030000b5
:020000040000fa
:04021400960300004d
:020000040000fa
:04023400960300002d
:020000040000fa
:04024400960300001d
:020000040000fa
:040248009603000019
:020000040000fa
:04029400ec02000078
:020000040000fa
:0402980096030000c9
:020000040000fa
:04032c009603000034
:020000040000fa
:04025400560300004d
:020000040000fa
:04025800140300008b
:020000040000fa
:040330009603000030
:020000040000fa
:0402a00096030000c1
:020000040000fa
:0402a40096030000bd
:020000040000fa
:0400740096030000ef
:020000040000fa
:04013400960300002e
:020000040000fa
:0400700096030000f3
:020000040000fa
:04002c009603000037
:020000040000fa
:04003c009603000027
:020000040000fa
:0400bc0096030000a7
:020000040000fa
:0400c00096030000a3
:020000040000fa
:0400c400960300009f
:020000040000fa
:04002800960300003b
:020000040000fa
:0400780096030000eb
:020000040000fa
:04009c0096030000c7
:020000040000fa
:040060009603000003
:020000040000fa
:0400640096030000ff
:020000040000fa
:04007c0096030000e7
:020000040000fa
:0400800096030000e3
:020000040000fa
:0400840096030000df
:020000040000fa
:0400880096030000db
:020000040000fa
:0400b00096030000b3
:020000040000fa
:0400b40096030000af
:020000040000fa
:0400b80096030000ab
:020000040000fa
:04003800960300002b
:020000040000fa
:0400c800960300009b
:020000040000fa
:0400d0009603000093
:020000040000fa
:0400d400960300008f
:020000040000fa
:0400d800960300008b
:020000040000fa
:0400e0009603000083
:020000040000fa
:0400e400960300007f
:020000040000fa
:0400e800960300007b
:020000040000fa
:0400f400960300006f
:020000040000fa
:0400f800960300006b
:020000040000fa
:0400fc009603000067
:020000040000fa
:040100009603000062
:020000040000fa
:04010400960300005e
:020000040000fa
:04010800960300005a
:020000040000fa
:04010c009603000056
:020000040000fa
:040110009603000052
:020000040000fa
:04011400960300004e
:020000040000fa
:04011800960300004a
:020000040000fa
:04011c009603000046
:020000040000fa
:04012400960300003e
:020000040000fa
:04012800960300003a
:020000040000fa
:04013800960300002a
:020000040000fa
:04013c009603000026
:020000040000fa
:040140009603000022
:020000040000fa
:04014400960300001e
:020000040000fa
:04014800960300001a
:020000040000fa
:04006c0096030000f7
:020000040000fa
:0400f0009603000073
:020000040000fa
:04001800960300004b
:020000040000fa
:040030009603000033
:020000040000fa
:040040009603000023
:020000040000fa
:04008c0096030000d7
:020000040000fa
:0400900096030000d3
:020000040000fa
:0400cc009603000097
:020000040000fa
:04000c009603000057
:020000040000fa
:0400dc009603000087
:020000040000fa
:040120009603000042
:020000040000fa
:04000800960300005b
:020000040000fa
:04001c009603000047
:020000040000fa
:040020009603000043
:020000040000fa
:04002400960300003f
:020000040000fa
:0400680096030000fb
:020000040000fa
:0400ec009603000077
:020000040000fa
:04004c009603000017
:020000040000fa
:040050009603000013
:020000040000fa
:0400a80096030000bb
:020000040000fa
:0400ac0096030000b7
:020000040000fa
:04001400960300004f
:020000040000fa
:04003400960300002f
:020000040000fa
:04004400960300001f
:020000040000fa
:04004800960300001b
:020000040000fa
:0400980096030000cb
:020000040000fa
:04012c009603000036
:020000040000fa
:040130009603000032
:020000040000fa
:0400a00096030000c3
:020000040000fa
:0400a40096030000bf
:020000040000fa
:080000000002040000000000f2
:020000040000fa
:100400000f0721000e7f22000e018800000000006f
:10041000000020000000e000020032000001200087
:100420002002880014000700c20007000000e0005e
:1004300003003a002066250001002000020037007a
:100440000000200001002000810f70000100320038
:1004500014000700000020000000e000020032004d
:1004600000000200000000003e59020000000000f1
:100470000040da000000fe004440a9000001200016
:100480000000e0000300320000002000a00188000e
:100490004440a800000006008a1f78008b1f7800e7
:1004a0000000060091018800800478000000eb0045
:1004b0001a003700e284440032a0b4009905ba0063
:1004c000e284440032a0b4009906ba00e2844400f9
:1004d00032a0b4000006eb00476fde00fd07b2005b
:1004e000636ce10003003a00ebff07000000eb0043
:1004f0000a003700606ce10004003a00005deb0088
:100500008b05e900fdff3e00040037006168e10053
:10051000010032000086eb000b00070019c7ba008b
:100520001905ba000e04e00003003a000a00e000da
:10053000e0ff3a0000000600fe07b2009e018800be
:100540008a047800f5ff3700395dba008b05e900b1
:100550000c003200295dba008b05e900080032006a
:100560000c00e00003003a00e284440032a0b40032
:10057000f5ff370019ddba008b05e900faff3a00f4
:100580008904e800e184440032a0b40000000600c1
:10059000000000000000000000000000000000005b
:1005a000000000000000000000000000000000004b
:1005b000000000000000000000000000000000003b
:1005c000000000000000000000000000000000002b
:1005d00000000000000000003600f800809fbe0010
:1005e000829fbe00849fbe00869fbe003400f8003c
:1005f00000002000a00188000000fa008760a90028
:10060000b0418000000001000080fa003400f900d1
:100610004f03be004f02be004f01be004f00be00a0
:100620003600f900004006003600f800809fbe004a
:10063000829fbe00849fbe00869fbe003400f800eb
:1006400000002000a00188000000fa008580a900b9
:100650000900370011118000002020000080600098
:100660000000e00008003a0040a42000c125070077
:100670000000fb0020118800406280000000e000c4
:10068000f4ff3a0001003700000000000080fa008b
:100690003400f9004f03be004f02be004f01be0000
:1006a0004f00be003600f900004006003600f8009a
:1006b000809fbe00829fbe00849fbe00869fbe00ba
:1006c0003400f80000002000a00188000200fa00b9
:1006d0008560a90010118000620060000000e00049
:1006e000010032002222a900101180006100600088
:1006f0000000e0000500320030118000004f78005b
:100700001e407800952a0700000000000080fa00d3
:100710003400f9004f03be004f02be004f01be007f
:100720004f00be003600f900004006000040da002d
:100730000000fe00000005006022b8000602200054
:100740000000d0008180d2000482d2008582d200d5
:100750000000a0000202520083825a000300310010
:100760000202420083824a000000a1000603e90061
:10077000f3ff3a00000006008000eb004001370064
:10078000800078001000200002022000828f5000bc
:1007900004003200e9805000e48f50000100360070
:1007a0000000eb0000000600889fbe008a1f780052
:1007b000000578000a047800984478000805e800ed
:1007c0000900fb00eeff07000000e000f9ff3a001f
:1007d000b0c2b30080cf540005003200d0c2b300d5
:1007e0008000eb0080cf540005003a000200370083
:1007f0008000eb0001003700110020000804e80031
:100800000000eb00030037006a02b900020052004a
:100810000003b0003801fb0003fd2f00828141007e
:10082000e98f5100f8ff36000100e00001003a00b6
:100830000000ea004f0578004f04be0000000600eb
:10084000800078001000200002022000828f5000fb
:1008500004003200e9805000e48f500001003600af
:100860000000eb0000000600889fbe008a9fbe00cb
:10087000000578008a047800194478000905e8002a
:100880000800fb00eeff07000000e000f9ff3a005f
:10089000b0c2b300804f540004003200d0c2b30095
:1008a000804f540006003a00020037000004eb00bd
:1008b00001003700180020008904e800010037001b
:1008c0000004eb006000b80006003700a200200022
:1008d0000300200011160700cfd5de000a005000eb
:1008e0008b8058003905fb000a03b100e90f550061
:1008f000f6ff36000800e00002003a006000100039
:10090000e08018004f05be004f04be000000060046
:10091000800078001000200002022000828f50002a
:1009200004003200e9805000e48f500001003600de
:100930000000eb0000000600889fbe008a1f7800c0
:1009400080047800090578001a4478008a04e800d9
:100950000800fb00eeff07000000e000f9ff3a008e
:10096000b0c2b300804f540004003200d0c2b300c4
:10097000804f540006003a00020037000004eb00ec
:1009800001003700180020000a05e80001003700c8
:100990000004eb006000b8006011b80009003700e7
:1009a000a4002000050020006033b800061a0700ec
:1009b0004fcade000900500084805800040159002d
:1009c00084815900ba04fb000903b100e98f540087
:1009d000f3ff36000800e00006003a006022b8008d
:1009e0006033b8000000520081805a0002015b00b1
:1009f00083815b004f0578004f04be0000000600b5
:100a00008001780002003700b15978000201e90046
:100a10000200e000fcff3a0000000600889fbe00d4
:100a20008a9fbe00800478000200e0005b00320074
:100a300001407800814c780082814400f1f99f00e8
:100a4000e20f51005500360091449800a1449800ef
:100a5000e1f99f00d1f99f00e60f51004f003600e9
:100a6000b1449800c1f99f00e80f51004b003600d7
:100a70000905ea00630565000a8444000a0551007f
:100a8000c1ff2f00010565000080fb008000eb0026
:100a90001210200013102000a0150700008cbe00cb
:100aa0000a01440060b99f0071b99f00e80f55002a
:100ab0003a00360020049800310498004004980061
:100ac0005104980020b99f0031b99f0040b99f00a0
:100ad00051b99f00f80f55003000360060049800af
:100ae00071049800000c9800110c9800200c9800dc
:100af000310c9800400c9800510c980020b19f00d8
:100b000031b19f0040b19f0051b19f0060b19f0083
:100b100071b19f0000b99f0011b99f00640164008a
:100b20007801410002044400020555006011b8003c
:100b30000203be000002be000403be006022b80033
:100b400000007200818072000201730083817300d3
:100b500010003700009cbe000294be0040049800c4
:100b6000510498006204980073049800000c9800e7
:100b7000110c9800220c9800330c9800400c98003f
:100b8000510c9800620c9800730c98000a02b10096
:100b90000802b000ff0f5500eeff3e00090078008c
:100ba0004f05be004f04be00000006000000fa0022
:100bb000e88157004fb99700360007000080fa001f
:100bc000000006003c00fa00889fbe008a9fbe001d
:100bd0000004be00020578000f0078004004b10058
:100be0001d0009000018eb0088a79f00d8af9f00e8
:100bf0000080eb00e0af9f006022b8006033b800d7
:100c0000c0fb2f000f0040003d090700120020002c
:100c10008a007800c0fb2f000f0040002208070068
:100c20006fb29700ffb297000fbb97009fbb970072
:100c3000dfad97000fa597000900e0000900320022
:100c40000a855500cfd5de000402450085824d009f
:100c500006834d0087834d000100320004044400e8
:100c6000880c78004f05be004f04be000080fa00db
:100c7000000006000001eb00d2ff0700f914370066
:100c800012002000cfff0700f614370022002000da
:100c9000ccff37000f04b0008e1f780002027800ee
:100ca000030178000000e000020032000007780035
:100cb000020037000efc2f000f0747008002eb00f8
:100cc0000100e000010032008102e9000f0078001d
:100cd000e003b1001d0009000018eb000080eb00ec
:100ce00090a79f0023102000a3a79f00bea79f00ee
:100cf000c1a79f00d5a79f000100e00003003d00b1
:100d0000b10420006183880007003700004feb002a
:100d1000fea79f00eea79f008400780020fc2f0014
:100d20000f004000b30907004f0778000f04b1001f
:100d30000000060080007800100020000202200061
:100d4000828f500004003200e9805000e48f500090
:100d5000010036000000eb00000006000800fa0069
:100d6000889fbe008a9fbe0000047800810578003d
:100d700078089000b8109000810f500003003100f7
:100d8000b084fb00700c9800030037000800780066
:100d90000009070080047800b0022000808f540012
:100da000040032000005eb00d0022000808f5400c8
:100db0001b003a00d982b20009f0a7008904ea00ba
:100dc0008904e9004f4dde0078089000b8109000cb
:100dd000810f500003003100b084fb00700c9800bc
:100de0000300370008007800ea0807008004780054
:100df00000fd2f0009004000e90f500008003600f8
:100e00000b00e00006003200381090000000e00007
:100e100003003200780890000000e900700c980090
:100e200000fd2f00090040008005eb00e90f500095
:100e300013003600381090000000e000720032000d
:100e4000780890000000e900700c98006e003700f0
:100e50006a59b9008205400078089000b8109000e7
:100e6000810f500003003100b084fb00700c98002b
:100e70000300370008007800c608070080047800e7
:100e800000fd2f0009004000e90f500003003e0064
:100e9000b1cc2000818f5500edff3400615ab900bc
:100ea000612bb90084bf9f0095bf9f00a6bf9f0024
:100eb000b7bf9f001f003700a400200005002000de
:100ec0006033b8000fb897009fb897002fb997000c
:100ed000bfb99700bc180700cfcdde0000824400e8
:100ee00081824d0002834d0083834d000403b100d5
:100ef0000580b1000680b1000780b10084bf9f006b
:100f000095bf9f00a6bf9f00b7bf9f0078089000c5
:100f1000b8109000810f500003003100b084fb0036
:100f2000700c98000300370008007800990807004b
:100f30008004780000fd2f0009004000e90f5000f8
:100f400017003e00d07a240011ae270042e12a00ab
:100f5000731420000fba97009fba97002fbb970019
:100f6000bfbb97000020e10001a8e10002b0e10052
:100f700003b8e100d0ff3400090037007808900082
:100f8000810f500003003100b084fb00700c98000a
:100f900003003700080078007e080700800478000e
:100fa0000903b100b8109000e98f5400f3ff360038
:100fb0000100e00003003200780890000000e90022
:100fc000700c98000a00e000160032006000b800c3
:100fd0006011b8000fba97009fba97002fbb970017
:100fe000bfbb9700040250008582580006035900d9
:100ff0008783590084bf9f0095bf9f00a6bf9f00b5
:10100000b7bf9f00070037006000b8000200200053
:101010000300280080bf9f0091bf9f00a2bf9f00d8
:10102000b3bf9f000fb897009fb897002fb99700e4
:10103000bfb997004f05be004f04be000080fa0004
:10104000000006000f04b000889fbe008a9fbe000b
:101050008c9fbe008e1f780000067800b1a79f000d
:10106000c29f9f00a3a79f00b49f9f00fc08900011
:101070003c109000808f5000040031003180fb0054
:10108000710e98000007eb000d0037000c0078008f
:1010900040080700fbff3700fc0890003c10900060
:1010a000808f5000030031003180fb00710e9800ea
:1010b000020037000c007800360807001e002000f0
:1010c00001032000810f5000f3ff32006022b800be
:1010d0006033b80094af9f00a5af9f00b6af9f00ec
:1010e000c7af9f008002eb0095a79f00e1022000a0
:1010f000810f500023003a00fc0890003c10900043
:10110000808f5000050031003180fb00710e980087
:101110006044b8006055b800110037000c0078003a
:101120001c080700faff3700fc0890003c109000f4
:10113000808f5000030031003180fb00710e980059
:10114000020037000c007800120807006104540008
:10115000e0845c0060055d00e0855d001e0020000d
:1011600001032000810f5000efff320098af9f0075
:10117000a9af9f00baaf9f00cbaf9f001500200022
:1011800095a79f006022b8006033b800d4af9f00dd
:10119000e5af9f00f6af9f0087b79f008002eb008e
:1011a000a59f9f006022b8000600200007ff2300d3
:1011b000d49f9f00e59f9f00f69f9f0087a79f00f9
:1011c0006044b8006055b8006033b800f6a79f00cf
:1011d00087af9f0084003700e1022000810f50009c
:1011e0000e003a009fa397000700e0008b003a0032
:1011f0005fa89700efa897007fa997008fb197008d
:1012000090af9f00a1af9f00b2af9f00c3af9f0000
:101210001100200091a79f006a0037009103200071
:10122000810f5000030034000050a0009dfa2f00f1
:101230008086460070002000010020006011b80088
:101240005faa9700efaa97007fab97008fb3970034
:101250000020e10001a8e10002b0e10003b8e100d4
:101260000c003c007fa397008fab97004438dd0053
:10127000cc30de00810070004430dd004feade003b
:101280000081460081014a00f2a79f0083af9f00c2
:101290003f003700d0002000010020006011b8009e
:1012a0005faa9700efaa97007fab97008fb39700d4
:1012b0000020e10001a8e10002b0e10003b8e10074
:1012c0001d003c006022b8000600200007fb230040
:1012d0005f989700ef9897007f9997008fa19700ec
:1012e000941407000002be000203be00d49f9f00ba
:1012f000e59f9f00f69f9f0087a79f006168b90048
:101300003b1307005f9a9700ef9a97007f9b970027
:101310008fa39700871407000002be000203be00df
:101320000800be000a01be00881307000004be00ca
:101330000205be00160037000d00e0001400320068
:10134000af9a97000500e00011003a006022b80053
:101350000600200007fe23005f989700ef98970093
:101360007f9997008fa19700721407000002be00ba
:101370000203be000800be000a01be00731307008e
:101380000004be000205be0016002000a69f9f00bc
:101390005fa89700efa897007fa997008fb19700eb
:1013a00061004000e080480060014900e0814900a0
:1013b000d0af9f00e1af9f00f2af9f0083b79f00c7
:1013c0001e002000fc0890003c109000808f500010
:1013d000030031003180fb00710e980002003700dd
:1013e0000c0078006b0707000dfd2f00808646007b
:1013f000e98f560078ff3600800078000150a00089
:101400001106b100e58f500073ff3600e1022000a5
:10141000810f500073ff320001003700e00220000e
:101420000e00e0001e003a003c1090000000e000ba
:1014300003003200fc0890008100e900710e980062
:10144000bf9897000100e0000e0032000000e000ad
:1014500003003200fc0890008100e900710e980042
:101460001fa197000200e0000a0032000000e00027
:10147000080032007c0890000000e900700e98001f
:10148000040037006022b8006033b8000c00780018
:101490001b070700afa197006118b9005100370082
:1014a0001fa297000400e00016003a005faa970010
:1014b000efaa97007fab97008fb3970094af9f0080
:1014c000a5af9f00b6af9f00c7af9f0011003700c8
:1014d0007fa197008fa997004418dd00cc10de0093
:1014e000810070004410dd00f0a79f0081af9f00d5
:1014f00061024200e0824a0060034b00e0834b003f
:10150000050037005faa9700efaa97007fab97000e
:101510008fb3970080067800700020000100200043
:101520006011b8000020e10001a8e10002b0e10074
:1015300003b8e100e6ff34000d0078000050a00081
:1015400001072000810f500015003a00bf98970056
:101550000c00780001fe07006022b80006002000a1
:10156000070028000400e1000588e1000690e10082
:101570000798e10014003a00bf9997000300e000cb
:1015800007003a006022b8006033b8000c00780011
:10159000db0607006000b8006011b8003c013700ae
:1015a0003c1290006000b8006011b8000400e00038
:1015b000050032007c0890000000e900700e9800e1
:1015c0006000b8006011b8007fa297008faa970052
:1015d000e00f5200e08f5a0007003a00afa29700d8
:1015e0006128b900851207006011b800f2140700e5
:1015f00034120700260137001faa9700afaa9700f0
:101600003fab9700cfab970068025200e0825a00d0
:1016100060035b00e0835b002c0020000402d0002c
:101620008582d2000683d2008783d2000c06e900af
:10163000faff3a0004024000858248000603490090
:1016400087834900d4af9f00e5af9f00f6af9f00ae
:1016500087b79f00cf9a97000500ea00cf80de0091
:101660006109b9005faa9700efaa97007fab9700c6
:101670008fb397000020e10001a8e10002b0e10073
:1016800003b8e1000f0034002002200060838800ce
:10169000afa297006128b90055120700f4ff2f0090
:1016a000f5ff2f00f6ff2f00f7fe2700a11307001c
:1016b000f4ff2f00f5ff2f00f6ff2f00f7fe2700a5
:1016c0001a0037004f9b970067f92f00070043006f
:1016d000cf80de006109b9005faa9700efaa9700ea
:1016e0007fab97008fb397000020e10001a8e100d5
:1016f00002b0e10003b8e10039003d002002200003
:1017000060838800afa297006128b90038120700f3
:101710006022b800060020000701200085130700a2
:101720006022b80006002000070120008113070096
:10173000d70037006022b8000600200007fe230013
:101740000800be000a01be00c51107000c064600d5
:101750008d864e000000e0000d0035006106460059
:10176000e0864e006022b8000600200007ff23003c
:101770000800be000a01be006e1207000002be0093
:101780000203be000800be000a01be0004003700cc
:101790000802be000a03be000800be000a01be0027
:1017a0006a1207000004be000205be005fa8970091
:1017b000efa897007fa997008fb1970061005000b4
:1017c000e080580060015900e0815900d0af9f00cf
:1017d000e1af9f00f2af9f0083b79f000200370088
:1017e0007fa697008fae9700e00f5600e08f5e0057
:1017f000d0ff3d00fca79f008daf9f003fa2970048
:10180000cfa2de00612bb90094af9f00a5af9f006f
:10181000b6af9f00c7af9f0000022000010020006c
:101820006011b800cf9a97004faede00050250005d
:101830008c8258000c0359008c835900d49f9f0060
:10184000e59f9f00f69f9f0087a79f005fa89700d6
:10185000efa897007fa997008fb197000000420082
:1018600081804a0002014b0083814b00d0b79f006a
:10187000e1b79f00f2b79f0083bf9f001faa9700a8
:10188000afaa97003fab9700cfab97000020e100d5
:1018900001a8e10002b0e10003b8e1000600340055
:1018a000dfaa97004f9b9700068052000002b0000d
:1018b000b0a79f000b0033006000b8006011b800b3
:1018c00090af9f00a1af9f00b2af9f00c3af9f003a
:1018d00040032000bfa09700808f500038003c00dc
:1018e000020037000001eb00b2a79f004205200074
:1018f000bfa19700030151000000200001f8230060
:10190000091a07000006be002fa297006120b90047
:10191000b71107000002be000203be000c00be00ab
:1019200094b79f00a5b79f00b2b79f00c7b79f00ad
:10193000641107001fb29700afb297003fb3970042
:10194000cfb39700c01707000002be000203be001d
:1019500094af9f00a5af9f00b6af9f00c7af9f0099
:10196000bfa29700ff8f520015003c006022b80014
:101970006033b8000800be000a01be004c11070029
:101980000000e0000e0032006000b8007fa3970066
:1019900061006300e00f5000e08f580008003a003b
:1019a0007fa697008fae970061064600e0864e0046
:1019b000fca79f008daf9f006044b8006055b80041
:1019c000afa697006168b900891107000002be0048
:1019d0000203be00b4a79f00c5a79f00d6a79f0023
:1019e000e7a79f000802be000a03be00d11207004d
:1019f0000004be000205be007fa097008fa89700dc
:101a0000811107000002be000203be003fa0970044
:101a1000cfa097005fa19700efa19700c512070024
:101a20000002be000203be001fa89700afa89700e7
:101a30003fa99700cfa99700c41107000802be0074
:101a40000a03be00c11107001faa9700afaa9700a2
:101a50003fab9700cfab9700b61107000004be0064
:101a60000205be006022b8006033b8001011070004
:101a70000000e00002003a0020022000608388009d
:101a80005faa97000800be000a01be00d019070037
:101a90004f0778004f06be004f05be004f04be0042
:101aa0000f04b10000000600cf23b000889fbe00e5
:101ab0008a9fbe008c9fbe008e1f780000047800b5
:101ac00001007800b2a79f00e39f9f0094af9f00a2
:101ad000850578008006eb000a003700f8089000c2
:101ae00038109000808f5000030031003180fb00df
:101af000710c98000200370008007800a505070067
:101b00001d00200001032000810f5000f3ff320070
:101b10000006eb006022b8006033b80094b79f0065
:101b2000a5b79f00b6b79f00c7b79f00e10220008e
:101b3000810f50002a003a00f808900038109000f9
:101b4000808f5000090031003180fb00710c98003b
:101b50006022b8006033b80094b79f00a5b79f001b
:101b6000b6b79f00c7b79f0019003700080078007c
:101b700088050700f6ff37001fb09700afb0970049
:101b80003fb19700cfb1970061005000e08058004e
:101b900060015900e081590090b79f00a1b79f00f4
:101ba000b2b79f00c3b79f00f808900038109000ac
:101bb000808f5000030031003180fb00710c9800d1
:101bc0000200370008007800720507001d002000a1
:101bd00001032000810f5000e7ff32001c002000ad
:101be0006011b800c29f9d00d39f9d008004eb0050
:101bf0006022b8006033b800d4af9f00e5af9f000b
:101c0000f6af9f0087b79f000907780009057800a5
:101c100052003700810f50000c003a000c00e00029
:101c200058003a005fa89700efa897007fa9970097
:101c30008fb1970090b79f00a1b79f00b2b79f00e8
:101c4000c3b79f001c0020003b00370001032000a9
:101c50005faa9700efaa97007fab97008fb397001a
:101c600061024200e0824a0060034b00e0834b00c7
:101c7000d4af9f00e5af9f00f6af9f0087b79f00ee
:101c8000c3072000830f570023003c00810f500042
:101c900001003200dfac9700c276dd000a00e000f0
:101ca0001100320085db2f008f8242008d864200ba
:101cb0006102b9000403b1000580b100a200200058
:101cc000030020001d00be00d4b79f00e5b79f00b1
:101cd000121107005fb29700efb29700801e42001a
:101ce00081964a000500370086db2f000f03430072
:101cf0008d064300cf91de00828ebe000a05e8000b
:101d00001d002000e90f55000b003a000d074700a9
:101d10000005eb0008003700810f5000060032007c
:101d20004f909700df9097000000a000c0979f00a1
:101d3000d1979f00c9452000f80890003810900006
:101d4000808f5000030031003180fb00710c98003f
:101d500002003700080078000e05070002fd2f0082
:101d600000014100e1022000e90f5100a9ff360007
:101d7000810f5000a9ff32000c00e0000300320088
:101d80000a003700e0022000080037005faa970031
:101d9000efaa97007fab97008fb3970094b79f008f
:101da000a5b79f00b6b79f00c7b79f000d00e00022
:101db00029003200000178000250a00051062000e6
:101dc000810f510024003a008b0078000800780051
:101dd000e2fb07006022b800060020000700280090
:101de0000400e1000588e1000690e1000798e100a9
:101df0000c003a000b00e000230032003812900083
:101e00006000b8006011b8000400e0000500320076
:101e1000780890000000e900700c98006000b8009d
:101e20006011b8001fb29700afb297003fb39700a0
:101e3000cfb397000002420081824a0002034b00a8
:101e400083834b0094b79f00a5b79f00b6b79f0050
:101e5000c7b79f00130037000000e0000600350000
:101e6000381090000000e000030032007808900075
:101e70000000e900700c98000d00e00009003a0035
:101e800060012000608388006022b8006033b800e1
:101e9000080078009a0407006000b8006011b800dc
:101ea000780337004f9e9500df9e9500e00f5600a7
:101eb000e08f5e0007003a009faa97006128b900f2
:101ec0004e1007006011b800bb120700fd0f07009d
:101ed0006c0337001fb09700afb097003fb1970079
:101ee000cfb197005faa9700efaa97007fab97004a
:101ef0008fb397000400e1000588e1000690e1003f
:101f00000798e10020003a00900020000100200026
:101f10006011b8001fb29700afb297003fb39700af
:101f2000cfb397000020e10001a8e10002b0e1007a
:101f300003b8e10014003c00bfa29700fe8f5200de
:101f40000a003c000c00be00050378000603e9000f
:101f5000030033008100d1000080d300fbff370075
:101f6000e00f5000e08f580007003a009fab970049
:101f70006138b9001e1007000004be000205be0053
:101f80000c00be0060003700220020006f9e97000a
:101f9000110009000206d8000000ea00cf80de0030
:101fa0006109b9001fb29700afb297003fb3970025
:101fb000cfb397000020e10001a8e10002b0e100ea
:101fc00003b8e1000f003400200220006083880085
:101fd0009faa97006128b90005100700f4ff2f00a1
:101fe000f5ff2f00f6ff2f00f7fe27005111070025
:101ff000f4ff2f00f5ff2f00f6ff2f00f7fe27005c
:102000008e0037006f9b970067f92f000700430091
:10201000cf80de006109b9001fb29700afb2970010
:102020003fb39700cfb397000020e10001a8e10083
:1020300002b0e10003b8e1000d003d0020022000e5
:10204000608388009faa97006128b900e80f070005
:102050006022b800060020000701200035110700ab
:102060006022b8000600200007012000730037003e
:102070000a00e0000e0032000a0037004274dd0062
:1020800086db2f000f03430008044300a20020005a
:10209000030020001800be0020100700008cbe00c6
:1020a0000a05e800e80f5500f4ff34000e07e800c9
:1020b0009fb39700e88f540002003c00878f5400c4
:1020c000050034004270dd008cdb2f000f06460057
:1020d000000046005c0037009fb69700f18f560065
:1020e000f8ff3c00e98f560009003a001fa997004d
:1020f0006110b900be0f07000004be000205be005b
:102100004f989500df989500bf0f070047003700f4
:102110009fb19700e88f51001c003c001faa970058
:102120006120b900b20f07000004be000205be0026
:102130004f989500df989500b30f07000002be008e
:102140000203be000800be000a01be00f91007002d
:102150000004be000205be009fb297006880120016
:102160004200dd0081ff2000008040001000be0022
:102170009f0f07000002be000203be000800be0061
:102180000a01be003c100700be0237003fa39700c3
:102190007b004300d2ff2f009fb3970002b9b90024
:1021a00002014000fe0f51000a003c004f989500cc
:1021b000df9895000201e900030033008100d1009f
:1021c0000080d300fbff3700e00f5000e08f580085
:1021d000bcff3a001fae97006160b900840f070092
:1021e0000004be000205be004f989500df989500e0
:1021f000850f07000002be000203be000800be00fb
:102200000a01be00cb1007000004be000205be009c
:102210009fb697006a8056004200dd0081ff2000d3
:10222000008040001000be00710f07000002be00d9
:102230000203be000800be000a01be00bd10070078
:10224000900237000e07e9004001be00e00f510088
:10225000e08f5900fbff3200940020009fb09700f0
:10226000110009008400d800010278000001eb0091
:10227000d2af9f000400e000520032009fb19700ef
:102280000300e00001003d00690242006800120006
:102290004200dd0081ff2000008040001005be00ec
:1022a00046db2f000f0343006044b8008002eb00c0
:1022b000d5af9f00c4a79f000800be00850478002a
:1022c000060478000002be002d0037005806be004c
:1022d0000a01be000c00be00d4b79f00e5b79f0006
:1022e00015f907005fb29700efb2970004034000b2
:1022f00085834800068cbe000a01be0000a02c00a9
:10230000a1b92300f6b79f0087bf9f00d90e070031
:102310000002be000a01be000c00be00d4b79f0040
:10232000e5b79f007a0f07000001be005fb297007b
:10233000efb297000400be00780f07000002be0055
:102340000900e8007fb397008fbb97005fae97004e
:102350008c8f540009003a00e00f5300e08f5b00bf
:1023600006003a0080067800fd07b200ddaf9f004e
:102370009fb09700e980500091b79f0080047800db
:102380008e8f5400d1ff3a000404be004fa2970084
:10239000e00f5400e08f5c00060032004270dd0068
:1023a00082db2f000f014100000041000888be00c1
:1023b0000e07e800690212009fb197008481410076
:1023c00093b79f000002eb00c4a79f00dfae970009
:1023d0006c003700cfa29700fd825200c5a79f0076
:1023e0000e06e900fc07b2006033b800d6af9f00cc
:1023f000e7af9f004260dd0087db2f008f83430043
:1024000080834300d7a79f001704be006055b80023
:10241000cd55dd004348de008b0570004d4ddd00dd
:102420004340de000a057000cd44dd000004eb00ef
:102430005fa99700efa9970008044100898449002b
:1024400060054d00e0854d0004a02c00a5b92300d7
:102450006033b8000440e10005c8e10006d0e100a7
:1024600007d8e1000e0036000800be000a01be00d9
:10247000ec120700d0af9f00e1af9f0004a02c003a
:10248000a5b923006033b8000800be000a01be00f1
:10249000eb120700dfa39700808bbe00050037001a
:1024a0005fa097000888be006011b800d2af9f00ff
:1024b000e3af9f000e00e900f007b200800f560066
:1024c0000b003a008d0f56000e0032004260dd0016
:1024d00083db2f008f814100008041001000be008f
:1024e000e00f5000e08f5800ed013200020037008d
:1024f0008d0f5600030032000c06e900fc07b20005
:10250000bcff37005faa9700efaa9700e00f5200c8
:10251000e08f5a001b0032009fb29700e982420010
:1025200095b79f008d06e900fd07b2008e8f56001b
:102530000d003a000d07e900fe07b2000e00e900a9
:10254000f007b2004200dd0086db2f000f034300de
:1025500000004300c270dd00810043001001be0096
:1025600031187100219071004268dd0083db2f007b
:102570008f814100008041005faa9700efaa970079
:102580000488be009fb29700f18f520091ff340083
:10259000f28f520009003a004269dd0086db2f000d
:1025a0000f03430002014300e005270091082000cb
:1025b000b20f1000a28f180086ff36008d0378003e
:1025c000420121000000eb0087004000f107b2004b
:1025d0008e8f50000d003200c208dd0083db2f001b
:1025e0008f814100818041001104be005202be0073
:1025f000840f5400858f5c00040039000d003e00fc
:102600000000e800e20f5000efff3a001fb2970011
:10261000f20f520007003a00d7af9f006044b800a5
:102620006055b8008006eb000800be000a01be003d
:1026300067003700990020009fb29700fb8f52007f
:1026400001003c00190020004fa39700090343003c
:10265000c6a79f00100020000900dd000000e9006f
:102660006101b900d2a79f00e3a79f000aa02c0038
:10267000abb92300890178008301e900030033002e
:102680008b85d1000a85d300fbff37000704780053
:102690006000b800d0af9f00e1af9f000a02be000b
:1026a0001fb59700870578002d003700c240dd0078
:1026b00086db2f000f034300810043001101be00a1
:1026c0000203be00090678000c06e900030033008f
:1026d0008703d1000683d300fbff37005fae97006e
:1026e000efae97000603460087834e008688be0043
:1026f0006fa0970083066000dfa09700028660004d
:102700000401be000c00be00d4b79f00e5b79f00d7
:10271000f6b79f0087bf9f00800e0700d0af9f00d5
:10272000e1af9f000800e8005fb29700efb29700aa
:102730007fb397008fbb97008b0f540006003a00c1
:10274000e00f5300e08f5b0003003a008005780043
:10275000fb07b2006905550000047800f807b200d5
:102760008e0f5400d1ff3a008b0378009ab79f0078
:102770005fa89700efa89700e00f5000e08f580087
:102780008fff32000e01e800f207b200870f510000
:10279000070032004277dd0083db2f008f8141008c
:1027a0000e874100008fbe000207780084ff3700cb
:1027b0000e00e900f007b2004200dd0084db2f00cc
:1027c0000f024200000042001000a0007cff370012
:1027d000dfaa970005864600fc07b2008e0f560060
:1027e00009003a000e07e800fe07b2000e02e900f9
:1027f0004222dd0086db2f000f034300040243006a
:10280000000aeb00341278006022b80056d62c0083
:10281000d71c2400470f07000004be000205be00bd
:102820004266dd0087db2f008f8343000c86430068
:102830001c00be00f40d07000002be000203be0033
:102840000800be000a01be00400e07008d06e80029
:10285000e28f5600deff3a000004be000205be0013
:102860001fae97006160b900e10d07000002be00d5
:102870000203be000800be000a01be002d0f0700c3
:102880000002be000203be00d4a79f00e5a79f0080
:10289000f6a79f0087af9f00cfa297005503b00017
:1028a000c59f9f006f9b970006835200d69f9f0095
:1028b000bfa39700868f5300060034000600e00097
:1028c0000b003500060678001d0020009db79f0014
:1028d000030037003fa697000000eb0090b79f0071
:1028e00040032000800f560037003c0003003700f3
:1028f0001100200091b79f000006eb009206200017
:102900000c0151000000200001f82300061607000a
:102910006c0d07005fa29700efa297007fa39700be
:102920008fab9700c81307000002be000203be0071
:10293000f49f9f0085a79f0096a79f00a7a79f00d1
:10294000520320000c0151000000200001f8230078
:10295000f51507005b0d07000002be000203be0074
:102960005fa09700efa097007fa197008fa9970025
:10297000571407000004be000205be000002be009e
:102980000203be005fa09700efa097007fa1970011
:102990008fa99700e70d07007f9a97008fa29700f5
:1029a0001fa39700afa39700e80d07000002be0029
:1029b0000203be00d4a79f00e5a79f00f6a79f00d3
:1029c00087af9f00080037006000b8006011b800b2
:1029d000f09f9f0081a79f0092a79f00a3a79f0041
:1029e0000004be000205be00dfa897000180e800d9
:1029f000f007b2008e0f50004e0032004200dd00a2
:102a000082db2f000f014100000041001001be00d9
:102a1000f04f2600d1dc2100800f5100818f59003a
:102a20000e003e00e00f5100e08f590005003a0013
:102a3000dfa9970063804100f007b2008e0f5000bd
:102a4000250032001faa97006120b9006b0d070016
:102a50000200200003e82300160037000050260083
:102a6000d1dc2100800f5100818f5900030032001a
:102a70009faa97006128b9000b0037005fab970051
:102a800063014300f207b2009fab97006138b900c1
:102a90008e0f510004003a00580d0700020020007c
:102aa00003f0230003003700540d0700020020004c
:102ab00003f42300c00f0700020d07000002be0050
:102ac0000203be000800be000a01be009f0d070001
:102ad0000004be000205be00500320000c005000a0
:102ae000e10f5000130034006022b80006002000ff
:102af00007ff23000800be000a01be00f413070010
:102b00006022b8006033b800e90c07000000e00064
:102b100008003a006022b8000600200007ff2300ea
:102b20000800be000a01be00880d07000004be00b8
:102b30000205be003fa09700e3061000ef98970043
:102b4000818656000802be000a03be005fa09700ff
:102b5000efa097007fa197008fa997007b0d07003a
:102b60007f9a97008fa297001fa39700afa39700ab
:102b7000700d07000002be000203be0094af9f006c
:102b8000a5af9f00b6af9f00c7af9f0064805600ff
:102b9000cf98970001f0a100810f500033003c0056
:102ba0000400be00421307006022b80006002000a7
:102bb00007342400aa0c07000000e0001b003500c9
:102bc0009fb297000500e000070032005f9b97006e
:102bd00006066e000cf0a7000c06ea000c06ea00e0
:102be0004f66de009cb79f006022b8000600200000
:102bf00007fe23001fa89700afa897003fa99700e2
:102c0000cfa997004b0e07000002be000203be00d2
:102c100094af9f00a5af9f00b6af9f00c7af9f00c6
:102c2000cfa297008502e800c5a79f004fa097009c
:102c30004003b0008d0f50000a003d001fb3970005
:102c40000600e000090032006022b8006033b800de
:102c50000800be000a01be00950c07000000e0005d
:102c60000200320020022000608388004fa29700fb
:102c70001fa89700afa897003fa99700cfa997007a
:102c8000531507004f0778004f06be004f05be00e2
:102c90004f04be00ef1fb100ef03b10000000600bb
:102ca0000c07780014fe3700e4874700889fbe00b9
:102cb0008a9fbe008c9fbe008e1f780000047800a3
:102cc000020778000100e000fa003500bbf62f0093
:102cd0008a012000e18f500004003400e28f500090
:102ce000f4003a00ebbc2f005a0320007808900053
:102cf000b8109000810f500003003100b084fb0039
:102d0000700c9800030037000800780021010700cc
:102d1000800478000900780006f807000000e00051
:102d2000f2ff3a00b0022000808f5400060032000b
:102d30001c002000d0022000808f54000e003a00ba
:102d40002c002000010037000006eb006106160091
:102d500078089000b8109000810f500003003100f7
:102d6000b084fb00700c9800030037000800780066
:102d7000080107008004780091fe20008006eb0027
:102d800011003700e78f56000c00320078089000e1
:102d900038119000820f500003003100b084fb0016
:102da000700c9800050037000800780081bf9f0074
:102db000f8000700800478008fb897008d06e800bf
:102dc000e88f56001f003200090178000250a00071
:102dd0005100fb00800f5100eaff32000d00780027
:102de000e38f560006003200e88f560015003200cf
:102df000e38f5600190036000e00e000bd003200df
:102e0000b81090000100e000030032007809900043
:102e10000201e900720c98000e00e0000900320087
:102e2000060037000100e00003003200780990003e
:102e30000201e900720c98000000e900e30f500065
:102e4000f8ff3a00e10f46009d003a006000b8002c
:102e50000200200003ff2f00a000370021ff200008
:102e60000d00e00012003200a2003700e28f560091
:102e70000c0032007808900038119000820f50004a
:102e800003003100b084fb00700c9800050037008f
:102e90000800780081bf9f00be0007008004780012
:102ea0008fb897008d06e800e38f560006003200c9
:102eb000090178000250a0005100fb00800f510072
:102ec000eaff32008b003700f808900038109000bd
:102ed000808f50000700310080c2b300314068008d
:102ee0000080fb000000ea004f00de00710c98003b
:102ef0000700370008007800a60007008082b200b3
:102f000000f0a7000000ea000000ea004f00de0029
:102f1000190020000004e000070032003810900083
:102f20000000e0006a003200780890000000e9002c
:102f3000700c980066003700f80890003810900078
:102f4000808f5000030031003180fb00710c98002d
:102f500002003700080078008e00070001fd2f00f6
:102f600080804000e98f50000b003600f1fb2f00fd
:102f700080804000f98f500007003600f1f92f00e3
:102f800080804000f98f500003003600f1052000da
:102f9000810f500002003a008904e800e6ff370084
:102fa00091022000810f500049003200381090003b
:102fb0000000e00003003200f80890008100e90002
:102fc000710c98000e00e00007003a000f00370077
:102fd0000000e00003003200f80890008100e900e2
:102fe000710c98008904e9000900e000f8ff3a003c
:102ff00037003700381090000000e0000300320076
:10300000780890000000e900700c98006001200032
:10301000608388006022b8006033b8000800780040
:10302000370007002300370000032000808f540082
:103030001a003a00f808900038109000808f500075
:10304000030031003180fb00710c98000200370052
:10305000080078004f0007000050a0008107200002
:10306000810f500007003a000e0278008c017800b2
:103070000b0178008a00780008007800f1f707005b
:1030800016003700381090000000e0000300320006
:10309000780890000000e900700c98008e0278001b
:1030a0000c0278000a01be000800be007efa07008c
:1030b0000a0037006000b8006011b8000700370050
:1030c0006000b8000200200003ff27000300370063
:1030d0006000b8000200200083ff27004f0778003f
:1030e0004f06be004f05be004f04be004f00b100aa
:1030f000000006000d00e000beff3a00caff3700e6
:10310000889fbe008a9fbe0044109800551098000a
:103110006610980077109800f00890002004900046
:1031200001045400cfc4de00614db90008189800b6
:10313000191898002a1898003b189800e00f5200c0
:10314000e08f5a00e00f5b00e08f5b000c00320064
:103150000014900001045400cfc4de00614db9009a
:103160000440e10005c8e10006d0e10007d8e10015
:10317000030034000482400034109800020037003d
:1031800080109000311098004f05be004f04be0023
:10319000000006002800fa00889fbe008a1f780001
:1031a00000047800f808900028009000008050008b
:1031b000081a9000981a9000281b9000b81b9000e5
:1031c000cf80de000402400085824800068348006c
:1031d0008783480048109000d81090006811900034
:1031e000f8119000e00f5000e08f5800e00f5900f8
:1031f000e08f5900050032000020e10001a8e10045
:1032000002b0e10003b8e1000d003d0008007800c5
:10321000d4b79f00e5b79f00f6b79f0087bf9f0018
:103220001f030700800478005fb29700efb2970099
:103230007fb397008fbb97000900e00016003d00a8
:1032400078089000a8009000808050004f89de0030
:1032500004824000850249000603490087034900b3
:10326000041c9800151c9800261c9800371c980018
:1032700030149800f0ff2f00f1ff2f000001be0076
:103280004014980051149800621498007314980028
:103290008084eb005200370061004200e0804a0069
:1032a00060014b00e0814b0090bf9f00a1bf9f00d9
:1032b000b2bf9f00c3bf9f0048129000d812900079
:1032c00068139000f813900094b79f00a5b79f0073
:1032d000b6b79f00c7b79f00e00f5200e08f5a00bb
:1032e000e00f5b00e08f5b0028003200780d90005b
:1032f000081190000a0151006112b900612bb90058
:10330000d4af9f00e5af9f00f6af9f0087b79f0047
:103310001fb09700afb097003fb19700cfb19700b3
:103320001fba9700afba97003fbb9700cfbb97007b
:10333000040050008580580006015900878159001b
:1033400090af9f00a1af9f00b2af9f00c3af9f009f
:103350005faa9700efaa97007fab97008fb3970003
:103360000020e10001a8e10002b0e10003b8e100a3
:10337000060034009fb297001fbb970006815200e1
:103380008200450031149800020037008813900035
:103390003714980028019000f8089000810151002e
:1033a0001fba9700afba97003fbb9700cfbb9700fb
:1033b0004f98de0004824100850248000603480061
:1033c00087034800041c9800151c9800261c9800d0
:1033d000371c9800828f500001003e00f9f89f00d2
:1033e000090078004f0578004f04be000080fa0005
:1033f000000006000200fa00881f78000004780030
:10340000e2bf9f0064815700080078008402070033
:10341000980090000148a300010032000080eb00fa
:103420004f0478000080fa0000000600881f780032
:103430000004780000082000808f5000170035003d
:1034400010082000808f50000b003400300820004e
:10345000808f500011003a00920078006880500080
:10346000000978003002be002003be00049cbe00ac
:103470000694be0007003700920278006480520074
:10348000000978001000be008e0a0700009cbe00f4
:103490000294be0010002000010037000000eb0085
:1034a0004f0478000000060084082000848f50003c
:1034b0001d0032000d003c0014082000848f5000d5
:1034c0002700320002003c000408200004003700fe
:1034d00024082000848f500034003200440820006b
:1034e000848f500043003a0036003700040a200061
:1034f000848f50002700320004003c0004092000a3
:10350000848f50003b003a0028003700020c200056
:10351000828f50002f003200020f2000828f500057
:1035200034003a002b0037009380e9000200e000ed
:1035300005003200810978001102fb00cfa2de00f5
:10354000612bb9002800370081097800114278000a
:103550000482fb008002eb006033b80022003700d9
:1035600013027800e40052000200e000050032007f
:10357000810978001102be004fabde00860378009f
:1035800019003700810978001102be006033b800cd
:10359000150037009380e900810978001102780056
:1035a000cfa2de00612bb9000f0037009302780034
:1035b000e8805200810978003102be002103be007c
:1035c000090037009380e9000200e00002003200a9
:1035d000f1ff37009380e90081097800110278003b
:1035e0008002eb006033b8000498be000690be0075
:1035f000100005000000050044082000848f5000e2
:103600002500320008003c0014082000848f500080
:103610001400320024082000848f5000240032005f
:10362000040820000c00370004092000848f50009b
:103630001f00320004003c0084082000848f5000ea
:1036400024003a000e003700040a2000848f500046
:1036500011003200040c2000848f50001d003a003d
:103660000d0037009380e90081097800910078000f
:1036700001087800cf91de008288be001400370078
:103680009380e900810978009100780001087800b2
:10369000824878000e0037009380e90081097800a5
:1036a000910078000108780082087800080037004f
:1036b0009380e90081097800910078000108780082
:1036c0006112b900612bb9008498be008690be00db
:1036d0001000050000000500889fbe00000478006f
:1036e0004800900082047800808f5400010036006a
:1036f000800478000901780058009000c0f40700a9
:10370000580090000900400050049800c800900044
:1037100089845000490498000048eb004f04be0023
:1037200000000600f2874700889fbe008a9fbe0007
:103730008c9fbe008e1f7800800478000105780001
:1037400002047800830578006107620002003a00f5
:103750008b0f540008003900080178008a007800b7
:1037600009007800dcff07008b0f540002003900cd
:10377000880578001e003700088655000c01780087
:10378000f00f560001003600020120000102200067
:103790007e805700a1f407008c06780005003700f2
:1037a00002012000fe80570009007800caff0700d0
:1037b000f0865600ef8f5600f9ff3e004461de00b0
:1037c00000ff2f000091b90002014600fe80570063
:1037d00009007800c0ff07000e00e00004003a0076
:1037e000080178008a00780009007800baff070015
:1037f0000b0078004f0778004f06be004f05be0053
:103800004f04be002f01b1000000060000000500bb
:103810000000050000000500000178000040eb00fa
:103820008080fb00818040008302210063c2780019
:103830000404e00003003a009002210060c0780018
:103840000000060092017800934f520004003a00f5
:103850009002210060c078000309e80001003700f1
:103860000040e800ea4f5000edff3600000006007f
:10387000f6874700889fbe008a9fbe008c9fbe00cf
:103880008e1f780000057800010478008305780019
:10389000040678000000eb00c0b79f008080eb00ba
:1038a000d1b79f00e0b79f00f2b79f00000820004b
:1038b00080bf9f0098007800010078008004eb0032
:1038c000010037008904e800304178000204e0007c
:1038d0000300320053c2b300834f5100f9ff3a0096
:1038e0000900e00004003200090178000a007800b5
:1038f00079ff0700188c44001807780050c2b30005
:103900009e4f10003f013a000e07e8000e0c7800b1
:1039100010003700cfb097000100a0000b00370067
:10392000cfb097000110a00008003700cfb097007b
:103930000120a00005003700cfb097000130a000a3
:1039400002003700cfb097000140a000c1b79f0030
:10395000000ce8001800780090407800b2c2b30074
:1039600082cf5000f1ff320007003c0002c2b300da
:1039700082cf5000f0ff320032c2b30082cf50003d
:1039800007003a00efff3700d2c2b30082cf5000e9
:10399000e0ff320002c3b30082cf5000e0ff3200ec
:1039a000a2c2b30082cf50000d003a00000ce80024
:1039b0001c80e900000e780010007800e0b79f003e
:1039c0000000e0000f003d00cfb097000100a20012
:1039d000c1b79f000000ea00e0b79f000900370070
:1039e00071f30700e0b79f0001003700000ce8000a
:1039f000180078009000fb000103b100e98f50002f
:103a0000faff36004fb097000008a3000200320012
:103a10000010a100c0b79f0018007800e1c2b300f9
:103a200090cf100016003a008000eb00d1b79f0045
:103a30000000e800000c7800a1c2b30090cf100095
:103a400006003a00000ce8001c80e900000e780037
:103a500010007800d0b79f000900370052f307002c
:103a6000d0b79f0001003700000ce8001800780074
:103a70009000fb000103b100e98f5000faff36000f
:103a80000800780064ff070080467800180078007e
:103a90001000fb002f01070091062000810f50004d
:103aa0003800320012003c0041062000810f500017
:103ab000340032000a003c0011062000810f500043
:103ac0002000320031062000810f5000a00032009b
:103ad00051022000810f5000bc003a00b4003700b2
:103ae00071062000810f5000b8003c0088003700ac
:103af00001072000810f50005c00320007003c00ed
:103b0000e1062000810f50007a003200f10620000b
:103b1000810f5000ad003a003900370051072000f6
:103b2000810f50002700320081072000810f5000d4
:103b30004200320031072000810f5000a3003a00fc
:103b40008f0037008d80fb000c01780000fe2f00f5
:103b50000f00400035fe07000000e000a800320022
:103b600018007800000ce8009041780002fe2f0059
:103b70000f014100f88057000a007800fd0007009f
:103b80000e0037008d80fb008c01780012002000b1
:103b900000fe2f000f00400043fe07000000e00081
:103ba00097003200180ce80002fe2f000f014100c0
:103bb000f88057000a0078009003070080844400d2
:103bc000900037008d80fb008c0178000001eb0035
:103bd00000fe2f000f00400033fe07000000e00051
:103be00087003200180ce80002fe2f000f01410090
:103bf000f88057000a00780067070700efff3700da
:103c00008d80fb008c0178000001eb0000fe2f008e
:103c10000f00400024fe07000000e00078003200a2
:103c2000180ce80002fe2f000f014100f880570039
:103c30000a007800a6060700e0ff37008d80fb0031
:103c40008c0178000001eb0000fe2f000f00400007
:103c500015fe07000000e00069003200180078003f
:103c6000000ce800904178001c0037008c017800bf
:103c70000001eb00010f200000fe2f000f004000ac
:103c800009fe07000000e0005d003200180ce800ab
:103c90000fb097009fb097002fb19700bfb197006a
:103ca000e00f5000e08f5800e00f5900e08f5900fe
:103cb00009003a00cfb597006fb4970000022100c9
:103cc0008c0007000b027800880178000001780062
:103cd000010221004700370083c7b30002fe2f0016
:103ce0000f014100f88057000a00780053070700d1
:103cf000b2ff37000b8144008d80fb008c017800ff
:103d000000fe2f000f0040003bfe07003c00370084
:103d10008d80fb000c01780000fe2f000f0040009a
:103d2000c2fd07000000e0003500320018007800f6
:103d3000000ce8009041780002fe2f000f014100c6
:103d4000f88057000a007800860307009bff3700c1
:103d500000c8b30080cf560029003a00180ce800d4
:103d60001c80e900000e780010407800e0df9f0022
:103d700013002000e2fd2f000f0141000800370072
:103d800000c8b30080cf56001d003a00180ce800b0
:103d90001c80e900000e78008001eb001001780023
:103da000f88057000a0078007e06070083ff37007e
:103db00000c8b30080cf560011003a00180ce8008c
:103dc0004fb29700efb19700080037000e0c780053
:103dd0000000eb00c0b79f00e0b79f000080eb0041
:103de000d0b79f000002eb00840178001200200091
:103df000610221000a0078004afe07006fff3700c9
:103e0000180ce800090078004f0778004f06be0044
:103e10004f05be004f04be006f01b1000000060058
:103e20008200fa00889fbe008a1f78000005780093
:103e300082047800c13f9f000004eb0010003700af
:103e40000902780088017800a2f72f000f014100d5
:103e500081f72f008f8040000a00780084fe070061
:103e600008004000880f500004003d00b00420000e
:103e7000608388000084eb000400370000047800b1
:103e80004f3897001004e000edff3a00080078007a
:103e90004f0578004f04be000080fa0000000600c5
:103ea0000200fa00889fbe00000478000800780035
:103eb000870707008084eb000000e00009003a005b
:103ec0009811900012002000e6805700080078004a
:103ed00003000100e10f500002003a002ff89700a4
:103ee0008084fb00090078004f04be000080fa00c7
:103ef0000000060080007800040037003104e00074
:103f000002003a00000051000000060001017800a4
:103f10000108a300f9ff3a0081017800310178001f
:103f2000f4ef2f00020242000281ea000201620067
:103f30000408280004016100f7ff320083007800c4
:103f4000010178003104e000fdff3a00000051005b
:103f500000000600f1fb2f0080804000f98f500028
:103f600001003e000050a00000000600f9ff3700ed
:103f7000000006003e00fa00889fbe008a9fbe0037
:103f80008c9fbe00100798008346780011007800cf
:103f9000400f980091019000430798002102900083
:103fa000240f9800c1029000050f7800b100900026
:103fb000611f98003204be002205be00281f980031
:103fc000391f98004a1f98005b1f98006022b800b4
:103fd0006033b8000800be000a01be009b0707005e
:103fe0000000e00009003d000800be000a01be001c
:103ff00003f0a200201f9800311f9800421f980074
:10400000531f9800d0c2b30004003700ce089000c0
:104010000128a30009003200b0c2b3006e1990005d
:1040200000497800ae0990008301e900330f980041
:1040300014002000540f980010003700ce0a9000a2
:104040000538a3000900320000c2b3006e1b9000c7
:10405000004b7800ae0b90008703e900370f980003
:1040600018002000580f980004003700ae0c900094
:10407000390f98000005eb005a0f98002e18900099
:10408000be1890004e199000de199000b8ff07008e
:10409000f4ff2f00f5ff2f00f6ff2f00f7ff27009a
:1040a000040260008582600006036100878361006e
:1040b0006000b8000200200003ff27000020e1009c
:1040c00001a8e10002b0e10003b8e1000c003a00f1
:1040d0008d06fb001d04b100ee1d9000de0890006f
:1040e00001804500e1032100f98f560001003600f0
:1040f000210421001b070700200421002f023700a4
:104100000020e10001a8e10002b0e10003b8e100f5
:104110000c0036008d06fb001d04b1006e199000e6
:10412000de0990000300410061042100f98f560070
:1041300001003600a10421000a070700a0042100a5
:104140001e02370000c3b3006e1a9000de0a900012
:1041500000f27a000500e800000142008d00fb003b
:10416000f6fb2f00068340002607980081c7b300a6
:10417000f90f530001003e0081c5b30001497800ea
:104180000000e800500f98006022b8006033b800cb
:104190002e189000be1890004e199000de19900065
:1041a0002a0707000000e0005e0032008003eb00f9
:1041b0006044b8000a0020000bff23006807980045
:1041c000790798000a0f98001b0f980007067800df
:1041d000050037000c06e8006e0c9000fe0c900005
:1041e0000e1590009e1590000802be000a03be0046
:1041f0000800be000a01be00d40707000002be008e
:104200000203be00640f9800750f9800061798000f
:10421000171798002e189000be1890004e199000a5
:10422000de199000090707000000e000e9ff3d00eb
:104230006c0f98002a0037006022b80006002000aa
:1042400007fe23000800be000a01be00b9080700ef
:104250006022b8006033b800fc0607000000e000f0
:1042600016003a006022b80006002000073524003e
:104270000800be000a01be00ae0807000004be0030
:104280000205be006022b8000600200007352400a9
:104290002e189000be1890004e199000de19900064
:1042a000a40807000002be000203be00241f9800fd
:1042b000351f9800461f9800571f98006022b800cd
:1042c0000600200007fe23000800be000a01be0011
:1042d000980807000004be000205be000c06e900b5
:1042e0000802be000a03be002e189000be189000ff
:1042f0004e199000de199000d40607000000e0007f
:10430000cdff35000800be000a01be00600798001e
:1043100071079800020f9800130f98006c0f980017
:10432000090037008000eb00610f98006022b800a0
:104330000600200007ff2300640798007507980017
:10434000060f9800170f9800ce0290008001200001
:104350000500e000010035004e0090000000e8007c
:10436000300798006e049000fe0490000e0d90003f
:104370009e0d900068179800791798000a1f980002
:104380001b1f98002e1c9000be1c90004e1d90001c
:10439000de1d90000006eb003a0037006e12900020
:1043a000fe1290000e1b90009e1b90000800be00a5
:1043b0000a01be00b0070700480d07000002be005a
:1043c0000203be002417980035179800461798007e
:1043d00057179800da060700800278005507980002
:1043e0006e129000fe1290000e1b90009e1b90001b
:1043f0002e109000be1090004e119000de11900023
:104400004c0807000002be000203be000800be0008
:104410000a01be00470707000004be000205be00f7
:104420006022b8000600200007fb23006e109000f9
:10443000fe1090000e1990009e1990003d08070094
:104440000002be000203be006417980075179800b2
:10445000061f9800171f98000c06e800ce02900077
:104460000500e00007003d006022b8006033b8009e
:104470000800be000a01be00740607000000e0004c
:10448000040032003e039000860f5600c3ff350043
:10449000010037003c0798006022b80006002000a9
:1044a000070224006e109000fe1090000e1990007c
:1044b0009e1990001f0807000002be000203be0004
:1044c0006417980075179800061f9800171f98002a
:1044d0000800be000a01be005c0607000000e00004
:1044e0000d0035006e129000fe1290000e1b900021
:1044f0009e1b90000800be000a01be005306070084
:104500000000e00011003a00de0290000508a30060
:10451000080032000d0037006044b8006055b80054
:1045200068179800791798000a1f98001b1f9800b9
:10453000060037006000b8006011b80060179800ee
:1045400071179800021f9800131f98006e129000b8
:10455000fe1290000e1b90009e1b90002e189000e3
:10456000be1890004e199000de199000f706070063
:104570000002be000203be00641798007517980081
:10458000061f9800171f980079fe07000203be005f
:104590000002be00f0ff2f00f1ff2f00f2ff2f00fe
:1045a000f3ff2700000462008184620002056300bb
:1045b00083856300281f9800391f98004a1f9800c0
:1045c0005b1f98006000b8000200200003ff270076
:1045d0000040e10001c8e10002d0e10003d8e100a1
:1045e000bbfe3200be0c90008984e900291f9800b0
:1045f0005e0e90008006eb005d0798002d17980076
:104600006f0037006e029000fe0290000e0b9000cb
:104610009e0b90006e109000fe1090000e199000fe
:104620009e19900014070700ac0c07000004be00a0
:104630000205be0042060700800078000100e0008d
:1046400006003a002e1090000000e0000300320047
:104650008d06e8003d0f9800330037005e019000a2
:104660000200e0000c003a00ae1190000300e000f0
:1046700009003200e0c2b3006e1a900000727e00a2
:104680000c06e800ae1a90008502e900251f98008c
:104690001600200056079800ee1b90000c81430086
:1046a0000d007800070278000300370003c3b30051
:1046b000035978000000e9000000e000fbff3a0029
:1046c000300f9800641f98000d064600e98f5000d7
:1046d00003003c00000320000100400002003700fe
:1046e0007005200001004000ae009000f98f5000de
:1046f00006003e00800078000150a0001106b100c5
:10470000f98f500001003e009d0507006e199000d2
:1047100000717e000c06e8008d86ea00ae1990005c
:104720008d814100231f98006e029000fe029000d0
:104730000e0b90009e0b90000800be000a01be0008
:104740007c0707000002be000203be006e1090004e
:10475000fe1090000e1990009e199000750607003b
:104760000002be000203be0064179800751798008f
:10477000061f9800171f98006022b800060020004e
:1047800007fb23006e009000fe0090000e099000d1
:104790009e099000670707000004be000205be00e6
:1047a00068079800790798000a0f98001b0f980077
:1047b000ae1490008904e90029179800be0e9000fd
:1047c0002e1590000a00ea00be0590008b0f5000e5
:1047d00004003d009e00780065805000800f560068
:1047e00088ff39005e0190000200e0001e003a00e0
:1047f0000d00e0007d003400ce0190000300e000d9
:104800007a0034004e0a90000408a30077003a00b2
:10481000ee1a90008c804200e0c2b300804878001d
:104820000d0078008501780002c3b300826878002b
:104830000000e900fcff3a00631f98000c86460068
:104840000c06e8002e1b90000600e9000d00500049
:10485000201f980004003700e0c2b300ee1b900058
:1048600080737e000c06e8006e1c90000c00440073
:104870000048eb009e0478008900e9000041eb004d
:1048800002f478008001eb006e0d90000a00e00059
:1048900003003d000a05ea006a0f9800130020009b
:1048a000120020006e0a9000810378002e1b9000f9
:1048b0006e1c9000800678000900370081037800a4
:1048c000a5002000110009000502d8000002be006a
:1048d0000543b00005f47b000201e9000603e9008e
:1048e0008700e9000400e000f4ff3a00e10f510006
:1048f000f2ff3200261f9800681f98000d00780014
:1049000001024400b2c2b3000300e0000100320023
:10491000d2c2b300024a78000101e900ee1990000a
:104920008280410003c7b3002e029000f90f5200ad
:1049300001003e0003c5b30083487800820f560093
:1049400001003d0007050700ce0a90006380620069
:10495000e20f500018003a002e1b90000684e90078
:104960004240a900140034006e18900061fd070059
:10497000800044008100e800ee1b9000818043002d
:104980008701780002003700e36078000000e9004a
:10499000de0c9000890f5000fbff3d00631f980064
:1049a0000980410008017800010320001bf0070086
:1049b0000005eb002a0f98006e1890004dfd0700cf
:1049c0004e0a9000ae09900000017800ee189000a9
:1049d0001e00900053fb07004f06be004f05be00af
:1049e0004f04be000080fa0000000600ce0d9000cb
:1049f0000b48a30098ff3a009bff3700ec87470065
:104a0000889fbe008a9fbe008c9fbe008e1f7800cc
:104a1000000678000104780018079000280590002f
:104a200098067800cdb79f00b80590003202be000e
:104a30002203be000400be000601be004f18de00c7
:104a40006011b8008000eb00d0b79f00e1b79f0075
:104a5000f2b79f0083bf9f00800478000900e00048
:104a6000060032006000b8006011b8000402500077
:104a70008582580006035900878359000e00e00024
:104a8000020035000d10a100cdb79f000900e00025
:104a900005003a004fb097000028a30002003a003a
:104aa0000038a300020032008a00e900010037004c
:104ab0008a007800f8815700a200200008007800e2
:104ac000620307000900e00003003a00cfb097003e
:104ad0000128a300080032000000e9000081450021
:104ae000b1c2b3000900e00001003200d1c2b3003e
:104af00001497800050037000138a30003003200a7
:104b00000000e90001c2b3008175780048019000ff
:104b10000201e90000015100808045004fb297007a
:104b20008a0178000c007800fefa07009c009000d3
:104b30000188a3000400320098009000810f50000b
:104b400001003d00010078004f0778004f06be00cd
:104b50004f05be004f04be00cf00b10000000600ac
:104b6000000006004200fa00889fbe008a9fbe0037
:104b70008c9fbe0020079800110f9800034f9800eb
:104b800011007800400f980091009000610f98008c
:104b90009e099000a3019000330f98001e0a900018
:104ba00044029000140798009e0a9000b5029000fd
:104bb000052798003204be002205be006022b8001e
:104bc0006033b8000800be000a01be009f04070061
:104bd0000000e00003003d000bf0a200d0c2b300d3
:104be000040037004e0b90000628a3000900320095
:104bf000b0c2b3008e239000804b78003e08900036
:104c00000000e900700f980011002000510f98007b
:104c1000100037004e0990000238a300090032004e
:104c200000c2b3008e219000804978003e0a9000b7
:104c30000402e900740f980015002000550f980039
:104c4000040037003e0b9000760f98008003eb00c5
:104c5000570f98000800be000a01be00c0ff070001
:104c6000f4ff2f00f5ff2f00f6ff2f00f7ff2700be
:104c70000402600085826000060361008783610092
:104c80006000b8000200200003ff27000020e100c0
:104c900001a8e10002b0e10003b8e10011003a0010
:104ca0000e4890008000fb001104b1000e2190001e
:104cb000de09900003004100f98f500002003e0021
:104cc000e10421000100370021052100250407002f
:104cd0002005210087fc07005e0a900004014000c7
:104ce000150037000020e10001a8e10002b0e1005a
:104cf00003b8e100130036008e4a90008500fb00e7
:104d00001104b1000e239000de0b90000700430059
:104d1000f98f500002003e006105210001003700bc
:104d2000a10521000f040700a005210071fc070068
:104d3000de089000010140004e0a9000be0990007c
:104d4000500237006022b8006033b8000800be008f
:104d50000a01be003d0407000000e0006a003200c6
:104d60006022b8000600200007ff230044179800c7
:104d70005517980066179800771798008006eb0083
:104d80000800be000a01be00001f9800111f980015
:104d9000221f9800331f98000e269000070037004e
:104da0008d06e8000802be000a03be004417980002
:104db0005517980066179800771798006022b8007a
:104dc00006002000470224004e109000de109000e4
:104dd0006e119000fe119000d60507000004be0081
:104de0000205be000002be000203be000e189000c5
:104df0009e1890002e199000be1990001304070011
:104e00000000e000e6ff3d000c2798000006eb00e4
:104e10004e149000de1490006e159000fe15900068
:104e20002500370040ed2f00808f560019003d000f
:104e30000c00e00016003a006022b80006002000d6
:104e4000073524000e1890009e1890002e1990002f
:104e5000be199000b70507000002be000203be00a5
:104e6000041f9800151f9800261f9800371f9800f0
:104e70006022b80006002000073524000800be00ac
:104e80000a01be00ab0507000004be000205be001b
:104e90001c0020006022b800060020004702240009
:104ea0000800be000a01be00f30407000004be00b3
:104eb0000205be008d06e9000802be000a03be001e
:104ec0000e1890009e1890002e199000be199000a8
:104ed000de0307000000e000d2ff35000800be003e
:104ee0000a01be00401798005117980062179800f9
:104ef000731798000e1c90009e1c90002e1d9000b1
:104f0000be1d9000080037006022b8000600200097
:104f100007ff23004417980055179800661798005c
:104f2000771798008006eb008e4a90000500fb0082
:104f300008fc0700104f98006e0b900060002000e6
:104f40000600e000010035006e08900071c6b30055
:104f50009e4b900081cf53000a003a00ee0890006b
:104f60000100e000cf013200cf0137008d0f50006b
:104f7000d3013c00001f980052c6b300425f980066
:104f80001e0037009e499000435f980002003700e2
:104f900064c6b300445f98000000e800001f98005a
:104fa00060c6b300ce5a900080cf520013003a0082
:104fb0000d00e00008003d006000b8000200200085
:104fc00003ff2300401798005117980062179800bc
:104fd000731798008006eb0061c6b300415f98002c
:104fe00070c6b3001e499000804f5100030032008c
:104ff0008e1990008d814100031f98004e12900081
:10500000de1290006e139000fe139000441f980073
:10501000551f9800661f9800771f98000800be0073
:105020000a01be0000179800111798002217980077
:10503000331798000006eb000802be000a03be000a
:10504000540798006507980076079800070f9800a6
:10505000310037004e1a9000de1a90006e1b90004f
:10506000fe1b90000e1090009e1090002e119000dc
:10507000be11900080040700180a07000004be005b
:105080000205be00ae03070080027800250f9800dd
:105090004e1a9000de1a90006e1b9000fe1b9000ce
:1050a0000800be000a01be00220507000e12900093
:1050b0009e1290002e139000be1390001d04070056
:1050c0000002be000203be0007f0a2000417980011
:1050d0001517980026179800371798006022b80017
:1050e00006002000470224004e189000de189000b1
:1050f0006e199000fe1990005f0407000002be00c8
:105100000203be00441f9800551f9800661f9800b8
:10511000771f98000c06e8008e1a9000850f560045
:10512000ccff35005e049000ee0490007e059000f8
:105130008e0d90006022b800060020004701240078
:105140004e189000de1890006e199000fe19900025
:10515000f80407000002be000203be00441f9800ce
:10516000551f9800661f9800771f98000e1090003a
:105170009e1090002e119000be1190003303070086
:105180000000e0000f0035004e1a9000de1a90007b
:105190006e1b9000fe1b90000e1090009e10900061
:1051a0002e119000be119000280307000000e000bf
:1051b00011003a00ae0a90000508a3000800320072
:1051c0000d0037006000b8006011b800401f980063
:1051d000511f9800621f9800731f98000600370047
:1051e0006022b8006033b800441f9800551f980033
:1051f000661f9800771f98004e1a9000de1a9000e4
:105200006e1b9000fe1b90000800be000a01be004d
:10521000ce0307000002be000203be000417980080
:105220001517980026179800371798006022b800c5
:1052300006002000470224004e109000de1090006f
:105240006e119000fe119000ba0407000004be0029
:105250000205be000002be000203be000e10900058
:105260009e1090002e119000be119000fc020700cd
:105270000000e000090035008d06e80060c6b300bc
:10528000ce5a900080cf520008003a000e1b9000ca
:105290000603e800061f9800110037004e14900026
:1052a000de1490006e159000fe15900050c6b300fd
:1052b0004e599000804f510009003a000802be008c
:1052c0000a03be00441f9800551f9800661f9800ef
:1052d000771f98008002eb00451798000700370001
:1052e0000800be000a01be00401f9800511f980030
:1052f000621f9800731f98004d1798005e0e900073
:105300000001eb00220f9800320798005207980026
:105310000d0f78006a0037004e1a9000de1a9000d8
:105320006e1b9000fe1b90000e1090009e109000cf
:105330002e119000be119000cf03070067090700ef
:105340000004be000205be00fd020700e90f500088
:105350000100340090002000ce0990000348a30013
:105360000c003a000000e0000a003a0071c6b300e9
:105370001e4a9000814f520006003a00ce12900063
:105380000500e00003003d002e0b90008606e800bb
:1053900023003700be0390000700e0000c003a0035
:1053a000ce1090000100e00009003d00e1c2b30012
:1053b0000e21900001717e000c06e800fe099000ad
:1053c0008301e900730f980014002000340798004f
:1053d0008e2290000c814200ae0e90008501780074
:1053e0000300370001c3b300015978008d06e900be
:1053f0000d00e000fbff3a00032798002e0b900001
:10540000060646000043b00080717e000c06e800ee
:105410000680ea00fe0b900080834300770f98001f
:105420004e1a9000de1a90006e1b9000fe1b90003a
:105430000800be000a01be003e0407000e129000e4
:105440009e1290002e139000be13900039030700a7
:105450000002be000203be0007f0a200041798007d
:105460001517980026179800371798006022b80083
:1054700006002000470224004e189000de1890001d
:105480006e199000fe1990007b0307000002be0019
:105490000203be00441f9800551f9800661f980025
:1054a000771f9800ce1290008502e90045179800fa
:1054b0005e0390000603e800560798002d0f980041
:1054c000de0390000e189000808f530005003d0011
:1054d0009e0890004100900065005000800f56002b
:1054e0008dff39009e0678003e0190000200e0002a
:1054f00007003a00ce0990000348a30004003200e0
:10550000e0c2b3000e22900000727e000c06e8009c
:105510008e2290000c8042000048eb0051c6b30080
:105520004e5b9000814f530038003a009e0390007c
:105530008700e9000041eb0082f278008001eb0077
:105540000d00e00002003d008d06ea00130020007f
:105550002200200001037800fe0a90008e239000b4
:10556000000478000a00370001037800a40020003e
:10557000110009008406d800010278008006780036
:105580000443b00084737b000201e9008502e90056
:105590008600e9000d00e000f3ff3a000200e000a1
:1055a000f1ff3c00750f980007279800080078006d
:1055b00001824300b2c2b3000300e00001003200e8
:1055c000d2c2b300024a78000101e9008e219000a6
:1055d000828041008e4a90000502fb001404b10055
:1055e00053c6b300f90f520001003e0053c4b3008c
:1055f000834878007e0b90000683e900760f9800c0
:10560000820f560001003d00d6010700ce0b90002e
:1056100063806300e20f500015003a007e0890009e
:105620000000e000120034000e20900031fa070064
:105630008e219000040037007e0990008280410096
:10564000e37078000000e900de0a9000850f50004a
:10565000f9ff3d0003279800058041007e09900076
:1056600001032000edec07000003eb00360f98006b
:105670000e2090001ffa07004e0a9000be0990000d
:10568000000178008e2090002e00900025f8070081
:105690004f06be004f05be004f04be000080fa005a
:1056a0000000060010002000e48f46002ffe3d00a1
:1056b000001f980057c6b300475f98004ffe3700a1
:1056c0000d00e00032fe3500001f980042fe37005a
:1056d0000200fa00889fbe008a9fbe008005780005
:1056e000010478000200780018019000280590005d
:1056f00098007800b1bf9f00b80490000200e0005d
:10570000020035000110a100b1bf9f00ea815700df
:10571000820020008a0078003002be002003be0014
:1057200008007800490007003fb99700f0006100c9
:10573000030032000000e90001c3b3008174780067
:105740003fb99700e8006100030032000000e90063
:1057500001c2b30081747800480190000201e900a1
:1057600000015100808044003fba97008a01780010
:105770000b007800ebf707009b0090000188a30066
:105780000400320098009000810f500001003d009d
:10579000010078004f05be004f04be000080fa00f3
:1057a00000000600ea874700889fbe008a9fbe006f
:1057b0008e1f78000004780003007800728757007d
:1057c00084e2260055c72600049fbe00c39622002f
:1057d000030f78006c875700004feb001105900015
:1057e000a1049000910578000200e0000200320060
:1057f0000207780001003700728757000000e000c0
:1058000002003a000e007800baf907000a00e00032
:10581000030035008a0f5000010036000a007800ae
:105820000b02780089017800000178008e00780072
:1058300008007800bbf707004f0778004f05be004f
:105840004f04be00af00b10000000600f48747001f
:10585000889fbe008a9fbe008c9fbe008e1f78006e
:105860000605be000404be0081bf9f0082b79f00f2
:10587000f3b79f00b0009000e1b79f0013017800dc
:1058800092b79f0090069000400090000000e90051
:10589000000678000d00e00001003d001d00200022
:1058a0008040eb00efb19700817178001e0020006e
:1058b0001f0037000c06e9000fb09700cf80de0014
:1058c0006109b900a0b79f00b1b79f00c2b79f00a0
:1058d000d3b79f000203be000002be000800be0056
:1058e0000a01be00d6050700000778000e407800c8
:1058f0000043b000efb0970080707e008d06e90095
:105900000fb997000201e90082bf9f002fb29700f4
:10591000bfb297004fb39700dfb397000800be00f7
:105920000a01be00bf0507000205be000004be005c
:105930000c00e0000d003400e00f5400e08f5c002c
:10594000e00f5d00e08f5d00daff3a000d00e0003f
:10595000d8ff3c008fb997000300e000030034003b
:105960001fb097000018a300d2ff3a000e00e0001d
:1059700002003a00ffb097001140a1000c0078002f
:105980004f0778004f06be004f05be004f04be0013
:105990004f01b100000006000200fa00889fbe001f
:1059a0008a9fbe000005780001047800020078009c
:1059b00018019000a804900098007800b1bf9f00e3
:1059c000b80590000200e000020035000110a100bf
:1059d000b1bf9f00ea815700a20020008900780033
:1059e0003002be002003be000800780097ff0700c9
:1059f000480190000201e90000015100808045004b
:105a00003fba9700890178000a00780045f707003f
:105a10009a0090000188a3000400320098009000d2
:105a2000810f500001003d00010078004f05be00cd
:105a30004f04be000080fa0000000600fa8747000d
:105a4000889fbe008a9fbe008c9fbe008e1f78007c
:105a50008004780001047800820578001801900025
:105a60002805900018077800b80090000200e000b8
:105a7000020035000e10a1000100370012002000c6
:105a800070006700e0b79f00090032003b02be00d3
:105a90002b03be00e00f5200e08f5a00e00f5b00c6
:105aa000e08f5b00020032008a86e90001003700c7
:105ab0008a067800e8026700f5b79f00010032000f
:105ac0008d06e9003b02be002b03be00e4af9f0041
:105ad000f5af9f0086b79f0097b79f0048069000dc
:105ae0000c06e9000040eb0080707e00efb29700ea
:105af0007fb297008903780081047800d8af9f00b7
:105b0000020478008bbf9f008a0578000345780067
:105b10002a0037000c06e9006fab97006f006300a6
:105b2000e90f500002003c000003b0000100370004
:105b30007005b0000a03fb001604b100f90f530012
:105b40000c003e00000378000650a0001606b100cd
:105b5000f90f530007003e00b4b79f00a5b79f00a0
:105b6000c7b79f0086000700cfb39700afb297007a
:105b70003fb2970080747e000804e9008d06e900ba
:105b80006fa89700ffa897000fb197009fb19700eb
:105b9000460020008301d1000281d3008180d30020
:105ba0000080d3000603e900faff3a00e0af9f004f
:105bb000f1af9f0082b79f0093b79f00e10f56009f
:105bc0000f0034006fa89700ffa897000fb197004f
:105bd0009fb19700e00f5000e08f5800e00f590090
:105be000e08f5900cbff3a000800e000c9ff3c00fd
:105bf0000d00e000020034000e18a300c5ff3a00bb
:105c000089007800f4b79f00870478005fac9700a4
:105c10008a4178000b0578008fbd97000500e000f1
:105c2000100032003b02be002b03be00e4af9f0019
:105c3000f5af9f0086b79f0097b79f00e00f520017
:105c4000e08f5a00e00f5b00e08f5b000500320040
:105c50000c06e90083707e000c06e90000c3b30067
:105c600080707e00ffb297000500e0000300320064
:105c70000c06e90000c2b30080707e00480190006d
:105c80000201e9000c0151008c8040000e027800f6
:105c90008a01780009007800a2f6070099009000b8
:105ca0000188a3000400320098009000810f50008a
:105cb00001003d00010078004f0778004f06be004c
:105cc0004f05be004f04be00af01b100000006004a
:105cd000881f780000047800486090008040e90048
:105ce00000c0700040649800d800900068009000e8
:105cf000808f500005003600b80990000001eb00cd
:105d00008200780008007800030001000000eb002a
:105d1000200c9800600498005004980098009000af
:105d20000118a300030032000140a00011049800f4
:105d30000800370028019000380090000000410062
:105d400000149800700c98000000eb000138a300cc
:105d5000010032000080eb004f04780000000600d4
:105d600010003700881f78000004780008007800d1
:105d700016000700080078004f04780000000600b5
:105d8000f1f92f0080804000f98f500001003e00a3
:105d9000f005b20000000600f9ff37000000060021
:105da00000000500fdff0700708380008000eb000d
:105db000fbff0700708380008000eb00f8ff070006
:105dc000708380008000eb00f5ff37000101780050
:105dd00080017800008268000408a30005003200fa
:105de0001300370032407800805978000004e0004a
:105df00014003200030278000208a300f9ff3a0001
:105e00000300780001003700031878008200780052
:105e1000b2017800f5ef2f00838242000382ea008e
:105e2000048262000508280005026200f6ff3200c5
:105e30000002780031417800025878000204e00046
:105e4000fbff3a0004007800000006008f1fd1001d
:105e5000060507008f87e9000000e000000006004b
:105e6000809feb00010507008f87e9000000e0003c
:105e700000000600839f68000100e00002003d0072
:105e800060001000e08018000300e00002003d0008
:105e900060011100e081190027ea07004f00e000cf
:105ea00002003b0060001000e080180000000600c7
:105eb000801feb00ed0407008f87e9000000e00081
:105ec0000000060081037800510007000001be00b9
:105ed0006000b8000478a30013003a006220e100db
:105ee00015003e000d0039008301d1000281d3006e
:105ef0008180d3008301d1000281d3008180d3004f
:105f00008301d1000281d3008180d3000538b00025
:105f1000c42add00f300b2008381720007f0a700fd
:105f200003f0a0000000060083ff2700020020000d
:105f30006110b900f9ff370003ff2700f7ff3700b2
:105f40001400fa00889fbe008a9fbe008c9fbe008e
:105f50000004be000205be00680047000a90be00b3
:105f60000890be00fc0407000070a7000bf0a10021
:105f7000304320009e02900080825200b0fe2f002d
:105f80000028e10011003d00b0fc2f000028e100d6
:105f9000150034001e0990008e0890007e009000cd
:105fa0000501b0000201d1008180d3000080d30040
:105fb0008502e800fbff3a000b00e00021053b00f2
:105fc00060001000e08018001e053700f0ff2f0071
:105fd000f1ff27000b00e0001a053b00010028003c
:105fe00000002000170537006000b80015053700d5
:105ff0004f89de0082017800170537004f89de00e7
:1060000082017800240537006011b800320537009e
:10601000c70ade00f107b200f50fb2000800320037
:10602000e1cf4200020032000170a0002400050010
:10603000810f7000010032000408050044000500d3
:10604000810f700002003a00140005008502e9008b
:106050000000400081c04800fcff3b000170a00030
:10606000240005001400fa00889fbe008a9fbe002d
:106070008c9fbe000005be000206be0068004700ff
:106080000c90be000a90be00b30407006400e1005b
:106090001a00320016003e006100e1001a003200d2
:1060a0006e049000fe0490000e0b90009e0b90007a
:1060b0006011b8009e0590000b38b100d50120009a
:1060c00082817100610164008703d1000683d300df
:1060d0008984d3000884d3008502e900f8ff3a00e0
:1060e000570507000df0a70001f0a000d504370008
:1060f00001fc270000002000faff370001f827000c
:1061000000002000f7ff37006000b800f5ff3700ff
:1061100089e907000400be0000000600020ab90079
:10612000001bb9000200b80081004200810043005a
:10613000000006008c9fbe008a9fbe00889fbe00a4
:10614000ca0107000bf0a200040037008c9fbe00bc
:106150008a9fbe00889fbe00c40107000c48e10072
:106160000b003a000c40e100020032008b010700f6
:10617000400037008b066d003e0032000af0a1009f
:10618000f3012000f2ff2f006110b9003900370041
:106190000c40e100370032000940e1000100360008
:1061a0007e0107008a856d00cf5dde000b0575005e
:1061b0000006eb008804fd00890454000100320051
:1061c0007d0107000a04e00011003a000800e00029
:1061d0002800320004004000858048000601490084
:1061e000878149000358a300180032008301d100c1
:1061f0000281d3008180d3000080d3000c86d300bd
:1062000001003900610676000804e8001800370034
:10621000040050008580580006015900878159000c
:10622000060031000af0a2000c06ea006000180027
:10623000e080180060011900e081190003003a00b5
:106240000004eb000005eb000a0037000348a30040
:1062500007003a000c064600000048008180480014
:1062600002014900838149000804e900f7ff370073
:10627000af013700c90137008c9fbe008a9fbe0066
:10628000889fbe00790107000b056d000940e10001
:106290000a003a000800e000020032000c40e10071
:1062a00006003a000af0a1000c047800f301200077
:1062b000f2ff2f006110b9009d0037000c40e10093
:1062c0009b0032000800e000990032000c48e10019
:1062d00002003a000004eb00030037000900e00070
:1062e00004003a000c0478006000b8006011b800a7
:1062f0008f0037000348a30006003a00000040006a
:106300008180480002014900838149000804e900b6
:10631000f8ff37000748a30006003a0004024200d5
:1063200085824a0006034b0087834b008904e900fd
:10633000f8ff3700fd3f20008d845400090454000d
:106340008a1f7800881f7800000478008104780094
:1063500002057800830578006000b8006011b8007d
:106360000d042000050037000804440089844c0017
:106370000a054d008b854d000800310004045400cf
:1063800085845c0006055d0087855d008381d20001
:106390008d06d300f4ff3b000700370004044400df
:1063a00085844c0006054d0087854d008381d20011
:1063b0008d06d300ecff3b000804440089844c00a8
:1063c0000a054d008b854d0008003100040454007f
:1063d00085845c0006055d0087855d000281d20032
:1063e0008d06d300f4ff3b0007003700040444008f
:1063f00085844c0006054d0087854d000281d20042
:106400008d06d300ecff3b000804440089844c0057
:106410000a054d008b854d0008003100040454002e
:1064200085845c0006055d0087855d008180d20063
:106430008d06d300f4ff3b0007003700040444003e
:1064400085844c0006054d0087854d008180d20073
:106450008d06d300ecff3b000804440089844c0007
:106460000a054d008b854d000800310004045400de
:1064700085845c0006055d0087855d000080d20094
:106480008d06d300f4ff3b000700370004044400ee
:1064900085844c0006054d0087854d000080d200a4
:1064a0008d06d300ecff3b000b00e00004003d0034
:1064b0000404440085844c0006054d0087854d008a
:1064c0000006eb008301d1000281d3008180d3005c
:1064d0000080d3000c86d3008301d1000281d30059
:1064e0008180d3000080d3000c86d300890474001f
:1064f0008b0575008b847400010032006106760004
:106500004f0478004f0578000348a30007003a00c5
:106510000c06460000004800818048000201490046
:10652000838149000804e900f7ff370000013700c4
:106530001a0137008c9fbe008a9fbe00889fbe0054
:10654000ca0007000b056d008a0578000c40e100c9
:1065500008003a000900e00082003a000af0a100b9
:106560000c047800f3012000f2ff2f006110b90045
:106570007c0037000c48e10004003a008700070067
:106580000900e00077003a00f4ff37000800e0005f
:10659000740032000900e00002003a007f000700aa
:1065a00070003700ed3f20008d8454000904440042
:1065b0008a1f7800881f7800871f7800861f780060
:1065c000851f7800841f7800cb19dd00c515de001b
:1065d0008b8571004b11dd00450dde000a05710051
:1065e000cb08dd00c504de00898470004b04dd00ab
:1065f0000440b8000546b8008c80400060814e0021
:10660000044eb8008c8040000d0149008001eb0071
:106610000318ad000456b8000c0141008d814900fb
:106620000002eb000420ad000646b8000c0141005a
:106630008d81490060024a00054eb8000c014100fe
:106640008d81490060024a000556b8008c814100e6
:106650000d024a008002eb000528ad000746b80095
:106660008c8141000d024a00e0824a00064eb800cb
:106670008c8141000d024a00e0824a004f067800fa
:106680000c5eb8008c8141000d024a00e0824a0095
:106690000656b8000c0242008d824a000003eb004f
:1066a0000630ad00074eb8000c0242008d824a0051
:1066b00060034b004f0678000c5eb8000c024200ed
:1066c0008d824a0060034b000756b8008c8242005e
:1066d0000d034b008003eb000738ad004f06780038
:1066e0000c5eb8008c8242000d034b00e0834b002f
:1066f0004f0678000c5eb8000c0343008d834b00fe
:106700004f0478004f0578000748a3000a003a00bc
:106710000000400081804800020149008381490057
:1067200004024a0085824a0006034b0087834b001f
:106730000804e900f4ff3700030678008080700049
:1067400082807000010032006106760087017800c7
:10675000060178008500780004007800880478003d
:10676000780037008d0037008c06460002003a00a2
:106770000000a6000000060060004800e08048001d
:1067800060014900e08149000350a60000000600b6
:106790008301d1000804e800000006000002fd00ab
:1067a0008102fd000203fd008303fd008804fd005b
:1067b0008a05fd00000006007048e1001a0039005b
:1067c0007d0320000d48e1000a00390081057000ba
:1067d000830671008c8575008d8575000006eb00c1
:1067e0000cd8e700610676006000b8006011b800c0
:1067f000000006007048e1000b0039008c057800ad
:10680000000678000100780082007800030178001b
:106810008001eb0003d8e70061067600f0845400a5
:10682000f4ff3a00000006006160e1000c48ad0092
:10683000f08514008b06dd000966de000d0676008b
:106840008b0edd000900de000d0070008b16dd00f0
:106850008908de008d8070008b1edd000911de00ce
:106860000d0171008919de00000006000d002800ee
:10687000fc7f20000d856100441cde00ef8161007b
:106880000c046400010032000340a0008d85630009
:10689000c43cde00ef8363008c846400010032009e
:1068a0000740a0000c40e10006003a00ef866100be
:1068b000828676008186760080867600010032002e
:1068c000180037000c48e10007003a00ef8663002b
:1068d0008686760085867600848676000200320001
:1068e000aeff07000f0037000348a30005003a0081
:1068f0008106700082867600838676000100320071
:106900000804e8000748a30005003a008506720065
:106910008686760087867600010032008904e800ca
:1069200000000600cf047800cf0578001b00370078
:106930000002780081027800020378008303780067
:10694000880478000cf0a70087ff0700fd7f200077
:106950000d40e100040035000d0478006000b8002f
:106960006011b8000d0037000800e0000b003c008b
:10697000040078008500780006017800870178001f
:10698000e18414008cff07000cf0a70076ff0700dd
:106990000004eb000340a7000804e8004444dd00c5
:1069a0006fc56100880175004f04be004f05be0031
:1069b0004f06be00000006000383680007002800a1
:1069c00007036300470ade000480a100c71ade0047
:1069d0000580a100f70f20000720e10042003200ef
:1069e0000728e10040003200889fbe008a9fbe0059
:1069f0008c1f7800f107b200f307b2000400e0003a
:106a0000640032000170a0000500e0006800320060
:106a10000370a00085054200eb07b1000204b80036
:106a20000302b8008484440060854a00020ab8006a
:106a3000848444000a854a00030ab800040545001e
:106a4000040033000804d0008984d2000a85d200f3
:106a50008b05e9006158e1003d003500021020007f
:106a6000090161000308200089816100f707200007
:106a70008783640008867300c84cde00c853dd00bd
:106a8000878474004855de000300e00006003200f1
:106a900082037600040032008904e80060054d009e
:106aa0000a88a3000c003a00f70f20000758e10005
:106ab00044003d000a70a100c75ddd000a85750035
:106ac0008a007300090078004f0678004f05be0069
:106ad0004f04be00000006000a05d1008984d300df
:106ae0008b05e800f0ff3700881f78000604780067
:106af00090000700070278000001fd008101fd0001
:106b00008c00070087027800850372000778a300d5
:106b1000050032000001fd008101fd009f0007001b
:106b20004f04780000000600850372000748a300a8
:106b300003003200f0ff2f00f1ff2700f8ff3700bd
:106b40000000200001f8270088807000f4ff370063
:106b5000880178004848dd00808171004848de00e7
:106b6000c850dd0001007000c850de000604780047
:106b70000b0178001600070088807000d2ff3700f4
:106b80000500e00005003200170020003a00070071
:106b90009dff370081037000f9ff3a0086007800fe
:106ba0004f0678004f05be004f04be0000000500f0
:106bb00083037100f9ff3200270020002e00070038
:106bc00094ff370001f8270086807000f4ff37003b
:106bd0000100e00026003200610111007810e100a0
:106be00023003c006022b8007010e1000400350072
:106bf00080027800010078008000eb0070015100f5
:106c00000200e0000900340070031100062add00d4
:106c1000822ade008603dd00878272000200de0029
:106c2000860bdd00070070008208de0084817100a1
:106c3000f4ff2700048262008481710004002800b0
:106c4000848262006102600005f0a6000000060078
:106c500004827100070032000000e800e080480074
:106c6000000006000002be006000b800efff370021
:106c70006000b80000000600889fbe000004eb0022
:106c80006138e10016003a000100e00008003a0017
:106c9000c800de004800dd00880020000100e000a0
:106ca00003003a00c800de004800dd00680444002c
:106cb0008184cf00e9845400060034008908dd0097
:106cc000f08314008703de00878070000900dd0078
:106cd00009044400610214004f04be0000000600d5
:106ce0000300e00008003a00c811de004811dd0092
:106cf000880020000300e00003003a00c811de0015
:106d00004811dd00680444008384cf00e984540006
:106d1000060034008919dd00f08314008713de00bb
:106d2000878171000911dd0009044400e1021400ab
:106d3000e9ff37002700200001f0a700170020001e
:106d4000470bde00f60fb200040032000643e800f5
:106d50000a0032004702b300000006000103780079
:106d6000f607b2000603700002003a000703b30002
:106d7000000006008702b30000000600010378004f
:106d8000f607b20006037000020032000770a00090
:106d9000000006000760a000000006000478a300c1
:106da000040032000578a300030032000168a3004c
:106db00001003a000200be000160a00000000600d1
:106dc000889fbe008a9fbe0030044200b0844a0003
:106dd00030054b0090854b006000b1000898be0064
:106de0000a90be000440e10005c8e10006d0e100c1
:106df00007d8e10002003100680040001008e800f8
:106e00004f05be004f04be0000000600889fbe0074
:106e10008a9fbe003004be002005be000418540046
:106e200005985c0006185d0007985d0011002000c1
:106e30000440e10005c8e10006d0e10007d8e10008
:106e4000010039008000eb00108810004f05be00e3
:106e50004f04be00000006001200fa00889fbe002a
:106e60008a9fbe008c9fbe00e0b79f00f1b79f00d5
:106e700082bf9f0093bf9f000605be000404be00b2
:106e80000000eb00d0b79f00c0b79f00b0b79f00d5
:106e9000a0b79f0090b79f00000678005fb19700f1
:106ea000cfb09700820141003fb097000200e000a0
:106eb00004003d00370007007e805700c0ff070038
:106ec00003003700330007007e805700cfff070024
:106ed000dfb697000d00e0000c0035006fb29700a0
:106ee000ffb297000fbb97009fbb970010002000d8
:106ef000010020006011b80000027200818272005f
:106f000002037300838373001b0007000c06e80074
:106f100001042000810f5600e0ff3a000d00e00060
:106f200004003d000802be000a03be007e80570038
:106f3000a3ff07005fa897000000e00005003a00eb
:106f40001fb29700afb297003fb39700cfb397003f
:106f5000090007006fb09700ffb097000fb99700c6
:106f60009fb997004f06be004f05be004f04be00fc
:106f70000080fa0000000600010007000000060083
:106f8000a4b79f00b5b79f00c6b79f00d7b79f00b3
:106f9000000006004f09de0082817100b3b79f0038
:106fa0004f01de008180400082807000a1b79f0009
:106fb0008fb097004f09de00000040000200700013
:106fc00090b79f007fa897004f01de0081804000ae
:106fd0008280700081b79f000d0007004f3ade00ed
:106fe0000000400004007000f0af9f0008000700a0
:106ff0000402420085824a0006034b0087834b004f
:10700000dfff07000802be000a03be000000060002
:107010002fb29700bfb297004fb39700dfb397002e
:1070200000000600881f780018002000881f7800e4
:1070300089ff07008f87e9004f04780000000600f1
:10704000801feb0084ff07008f87e9000000060027
:10705000889fbe008a9fbe00e00f5000e08f58005e
:10706000e00f5900e08f59000c003d006044b8006b
:107070006055b8000000540081805c0002015d0092
:1070800083815d00180020001500070008003d0006
:10709000180007000004eb00050037000004eb00b7
:1070a0000f00070002003d0012000700180020003a
:1070b000dcff07000800e000060032006022b80094
:1070c0006033b8000000520081805a0002015b006a
:1070d00083815b004f05be004f04be000000060028
:1070e000e00f5200e08f5a00e00f5b00e08f5b0082
:1070f000000006006044b8006055b8000402540067
:1071000085825c0006035d0087835d000000060049
:10711000889fbe008a9fbe008c1f7800e00f500041
:10712000e08f5800e00f5900e08f59000d003d003e
:107130006044b8006055b8000000540081805c00d5
:1071400002015d0083815d001c0020000820e10039
:1071500009a8e1000ab0e1000bb8e1000d003d0014
:10716000080037000006eb00e00f5200e08f5a00e5
:10717000e00f5b00e08f5b0006003d006044b8005c
:107180006055b8000402540085825c0006035d006f
:1071900087835d00aaff07000c00e00006003200b4
:1071a0006022b8006033b8000000520081805a00ad
:1071b00002015b0083815b004f0678004f05be0033
:1071c0004f04be0000000600889fbe008a9fbe00dc
:1071d0008c1f78000006eb00e00f5000e08f580095
:1071e000e00f5900e08f590007003d006044b800ef
:1071f0006055b8000000540081805c0002015d0011
:1072000083815d001c002000e00f5200e08f5a00d7
:10721000e00f5b00e08f5b0007003d006044b800ba
:107220006055b8000402540085825c0006035d00ce
:1072300087835d000c00a200270107000c00e0001e
:10724000060032006022b8006033b800000052002f
:1072500081805a0002015b0083815b004f06780049
:107260004f05be004f04be0000000600889fbe0010
:107270008a9fbe008c9fbe000404be000605be00af
:10728000809fbe00829fbe00210007000406780098
:107290000800be000a01be001d0007008406780039
:1072a0004f03be004f02be008d4f76007fb09700a7
:1072b00013003300f0ff2f008b8f6b0006003b00a4
:1072c0000d0666000c00a7000a00370007f0a600b4
:1072d000100020000a003700880f5200898f5a00e2
:1072e0008a0f5b008b8f5b000300390010002000c9
:1072f00001003e000000200007f0a7000000ea00a7
:107300004f06be004f05be004f04be000000060041
:1073100005ff270005826100070032000428e10014
:1073200001003200240005000600070001003a00b9
:10733000440005000408050002000700f9ff3a00b8
:10734000140005006f8261008102700085027100e7
:107350008502720000000600800078005002be0026
:107360005003be004439de00f700b200f37f200076
:1073700003016100090032000218e10016003a0022
:10738000850172008301730083817300000820006f
:1073900015003a00400020001300370085017200fc
:1073a000830173008381730005003a0004a8be00c6
:1073b00006a8be00100020000b0037000201e90003
:1073c0000402420085824a0006034b0087834b007b
:1073d0000748a300f9ff32000740a00004a8be0040
:1073e00006a8be00200020008000980092009800af
:1073f00000000600680447000294be000094be002e
:10740000fc0447008694be008494be000900780006
:10741000d1ff070008007800cfff0700990078002f
:10742000814f70000b003b000800be00f800070011
:107430004f00b10003003700f3ff2700f2ff2f00d9
:107440006110b9004f06be004f05be004f04be00dc
:107450000080fa0000000600881f7800030478000e
:107460000300e00007003d0060001000e08018000d
:1074700060011900e081190002003b0001f02d00bd
:10748000030037001400070008f0a70003f0a00075
:107490004f04780000000600881f7800030478007d
:1074a0000300e00007003d0060001000e0801800cd
:1074b00060011900e081190002003b0001f02d007d
:1074c000030037002f00070008f0a70001f0a0001c
:1074d0004f04780000000600889fbe000082700004
:1074e000040271000482710024003200364320003f
:1074f000c50020008383cf000a0039000541b10098
:107500008283cf00070039000541b1008183cf009d
:10751000040039000541b1008083cf00010039002b
:107520000541b10085c353006022b800120032004b
:107530000a003b0084827200610260008301d10076
:107540000281d3008180d3000080d3000603e800cd
:107550008743e800f7ff3a000700370000004000cb
:107560008180480002014900838149000603e90047
:107570008743e900f9ff3a00790007004f04be0095
:1075800000000600889fbe008a9fbe000082700037
:107590000402710004827100260032000004be0063
:1075a0000200be006011b8006b09200095022000a7
:1075b0000182cf000a0039000541b1000082cf00ee
:1075c000070039000541b1000982cf0004003900ed
:1075d0000541b1000882cf00010039000541b1002a
:1075e00005425200120032000a003b008281710005
:1075f000610164008100d1000080d3008984d30040
:107600000884d3008b05e8000442e800f7ff3a0045
:10761000070037000804440089844c00000048003b
:10762000818048008b05e9000442e900f9ff3a0037
:10763000030007004f05be004f04be000000060017
:1076400081002000618055000b003d000b002000f0
:1076500061fe2f000100e1001d00340082817100f5
:10766000610164008904d1000884d3000000e800af
:10767000faff3a007100200061006400030070000e
:10768000020060000900320061044400e0844c0004
:107690000988a500050032008b05e8006808e100b4
:1076a00002003a008904d1000884d300f20f2000c0
:1076b0000258e10005003d00c75ddd00f907b2009a
:1076c0008980750008007800000006000bf827008c
:1076d0008b00780000000500889fbe008a9fbe00d6
:1076e0008c9fbe000404b8000506b800890446005b
:1076f00060854e000606b8000a054600e0854e008b
:107700000706b8008b054600040eb8008904460041
:107710000a854e00e0854d00050eb8000a054600ba
:107720008b854e00060eb8008b0546000416b80087
:107730000a0546008b854e000516b8008b054600ed
:10774000041eb8008b0546000800be000a01be00fa
:107750004f06be004f05be004f04be0000000600ed
:107760001800200057002000080453000d003d00c1
:107770000600200097fc2f000740e1001e003400a7
:1077800084827200610260008301d1000281d30013
:107790008180d3000080d3000804e800f8ff3a009d
:1077a00047002000610460000504740004046400c4
:1077b0000d00320061004000e08048006001490097
:1077c000e081490003b8a500070032000603e80085
:1077d0006538e10004003a008301d1000281d30042
:1077e0008180d3000080d300f87f20000830e100c2
:1077f00003003500080378006000b8006011b8008d
:107800004433dd00f300b200830173000000060082
:10781000e48240001078a3000700320064024000b8
:107820001178a3003400be001401be000400320031
:107830000330a700000006003500be001501be00a1
:107840000330a00000000600889fbe008a9fbe0093
:107850000004be000205be006000b8000200200067
:1078600003002800000262008182620002036300bc
:1078700083836300f0ff2f00f1ff2f00f2ff2f0042
:10788000f3ff2700000064008180640002016500ae
:107890008381650000007200818072000201730024
:1078a000838173004f05be004f04be000000060038
:1078b000f4ff2f00f5ff2f00f6ff2f00f7ff270042
:1078c0000402600085826000060361008783610016
:1078d0000400be000601be00000006001800fa0009
:1078e000889fbe008a9fbe008c1f78000004be00e7
:1078f0000205be000802be000a03be00443ade00d4
:10790000f07f20000006620020432000800f560018
:1079100067003c006022b8006033b8000800be0079
:107920004af907000000e000610032000802be00d2
:107930000a03be00b4b79f00c5b79f00d6b79f002b
:10794000e7b79f00e00f5200e08f5a00e00f5b00a6
:10795000e08f5b000b003d006022b80006002000b5
:10796000073324000800be000a01be00f1f9070039
:107970006022b8000600200007332400f3f9070056
:107980000a0037006022b8000600200007332400f8
:107990000800be000a01be00ecf907006022b80032
:1079a0000600200007332400e2f907000802be00a9
:1079b0000a03be00dff907000002be000203be009a
:1079c000f4b79f0085bf9f0096bf9f00a7bf9f0091
:1079d000e03f2000800f560017003c007fb097006a
:1079e0008fb897001fb99700afb99700f0af9f000d
:1079f00081b79f0092b79f00a3b79f006044b80073
:107a00006055b8003fb29700cfb297005fb39700c0
:107a1000efb39700e00f5200e08f5a00e00f5b00d9
:107a2000e08f5b0022003d006044b8000a002000a7
:107a30000bff2b001e0037006022b8006033b80037
:107a40007fb097008fb897001fb99700afb9970024
:107a500003f907000000e0000c0034007fb297003b
:107a60008fba97001fbb9700afbb97000800be00fe
:107a70000a01be00b5f907006022b8000600200028
:107a800007ff2300abf90700070037007fb297001c
:107a90008fba97001fbb9700afbb97000800be00ce
:107aa0000a01be00a9f907000004be000205be00dd
:107ab0000800be000a01be004f0678004f05be0058
:107ac0004f04be000080fa0000000600000006001f
:107ad0002f03b000889fbe008a9fbe008c9fbe000f
:107ae0008e1f78000004be000205be000400be0028
:107af0000601be00d0b79f00e1b79f00f2b79f001c
:107b000083bf9f000203be000002be00d4af9f00ef
:107b1000e5af9f00f6af9f0087b79f0004004200cb
:107b200085804a0006014b0087814b00d0a79f004b
:107b3000e1a79f00f2a79f0083af9f00e00f5000d6
:107b4000e08f5800e00f5900e08f590031003200fb
:107b50005fb09700efb097007fb197008fb99700a3
:107b6000daff07000203be000002be0090af9f00d4
:107b7000a1af9f00b2af9f00c3af9f00f0ff2f00e7
:107b8000f1ff2f00f2ff2f00f3ff27000002620039
:107b900081826200020363008383630094a79f00d5
:107ba000a5a79f00b6a79f00c7a79f006000b800c9
:107bb0000200200003ff27000020e10001a8e100ef
:107bc00002b0e10003b8e10012003e000800be0070
:107bd0000a01be0090af9f00a1af9f00b2af9f000f
:107be000c3af9f004418de006011b8008000eb00b6
:107bf00090a79f00a1a79f00b2a79f00c3a79f00c7
:107c0000f07f20009fa2970000866200800f560040
:107c10000b003a005fb29700efb297007fb3970076
:107c20008fbb97000800be000a01be0041fa0700a2
:107c30000002be000203be008ff907001b003700e0
:107c40001fa89700afa897003fa99700cfa997005a
:107c50000000400081804800020149008381490002
:107c600090a79f00a1a79f00b2a79f00c3a79f0056
:107c70005fa29700efa297007fa397008fab9700ba
:107c80000400e1000588e1000690e1000798e100aa
:107c900009003e001c013a006022b8006033b800c1
:107ca0000800be000a01be0022fa07000004be0060
:107cb0000205be00140137000c00e00023003a006a
:107cc0001fa89700afa897003fa99700cfa99700da
:107cd000c50020000000d0008180d2000281d200c7
:107ce0008381d2008502e900faff3a0005003700df
:107cf0000c06e900000040008180480002014900b4
:107d000083814900e00f5000e08f5800e00f5900d8
:107d1000e08f5900f6ff3d00610016001faa970092
:107d2000afaa97003fab9700cfab97000000e900e8
:107d3000050033000402d0008582d2000683d20001
:107d40008783d200f9ff37001b003700f4ff2f00b4
:107d5000f5ff2f00f6ff2f00f70020001fa8970067
:107d6000afa897003fa99700cfa997000400600033
:107d7000858060000601610087816100d0a79f00b7
:107d8000e1a79f00f2a79f0083af9f006000b800ab
:107d900002002000030120005fa29700efa29700dd
:107da0007fa397008fab9700000272008182720060
:107db000020373008383730094a79f00a5a79f000d
:107dc000b6a79f00c7a79f005faa9700efaa9700da
:107dd0007fab97008fb39700443ade00fd7f200011
:107de0008d0662002f003a005faa9700efaa970065
:107df0007fab97008fb39700ce0020000402d00025
:107e00008582d2000683d2008783d2000e07e90064
:107e1000faff3a001fa09700afa097003fa197007c
:107e2000cfa19700050037008d06e900040242004b
:107e300085824a0006034b0087834b00e00f520007
:107e4000e08f5a00e00f5b00e08f5b00f6ff3d0023
:107e50000203be000002be00618716005fa8970003
:107e6000efa897007fa997008fb197000e07e90050
:107e7000050033000000d0008180d2000281d200d2
:107e80008381d200f9ff3700d0af9f00e1af9f00a0
:107e9000f2af9f0083b79f000400be000601be0042
:107ea0001b0037005fa89700efa897007fa99700f5
:107eb0008fb19700f4ff2f00f5ff2f00f6ff2f0082
:107ec000f70020000400600085806000060161006a
:107ed000878161006022b8000600200007012000b1
:107ee00004007000858070000601710087817100b8
:107ef000d0af9f00e1af9f00f2af9f0083b79f001c
:107f00001fa09700afa097003fa19700cfa19700b7
:107f10000802be000a03be00d4a79f00e5a79f0089
:107f2000f6a79f0087af9f0012003700e00f5200b6
:107f3000e08f5a00e00f5b00e08f5b000800350027
:107f400005003a005fa49700efa497007fa5970073
:107f50008fad970050ff37000400be000601be0041
:107f600000004000818048000201490083814900ef
:107f70000c06e9005fac9700efac97007fad97006f
:107f80008fb5970008025000898258000a035900f3
:107f90008b8359008d0f5600e4ff3c0090a79f0093
:107fa000a1a79f00b2a79f00c3a79f005fa497004f
:107fb000efa497007fa597008fad9700e00f5200c8
:107fc000e08f5a00e00f5b00e08f5b0008003d008f
:107fd000120037000400be000601be0094a79f00f7
:107fe000a5a79f00b6a79f00c7a79f000b0037005b
:107ff000e00f5200e08f5a00e00f5b00e08f5b0063
:10800000f4ff3a0024ff3700000040008180480060
:1080100002014900838149000c06e9000203be0009
:108020000002be00443ade006033b8008002eb007c
:10803000e00f5200e08f5a00e00f5b00e08f5b0022
:10804000f1ff320090a79f00a1a79f00b2a79f0059
:10805000c3a79f000c00e000110034006022b800ac
:108060000600200007ff2f00040240008582480020
:1080700006034900878349006164b900614db90076
:10808000c445dd000005eb006044b8000400740046
:108090008580740006017500878175000c0037002b
:1080a000610616001fa09700afa097003fa19700a0
:1080b000cfa197000c06e900050033008301d10031
:1080c0000281d3008180d3000080d300f9ff370004
:1080d0001fac9700afac97003fad9700cfad9700b6
:1080e0004f5cde00cfc4de00614db900cf45dd003e
:1080f0000005eb006044b80008047000898470003b
:108100000a0571008b8571000800be000a01be00df
:108110004f0778004f06be004f05be004f04be005b
:108120002f03b10000000600889fbe000204780003
:10813000f9072000890f54000d00340002002000d0
:1081400003f027001cfa0700f807b100890f54005c
:10815000170034000200200003f0270016fa070081
:10816000f807b100890f540010003c0010003700e0
:1081700029f82f00890f54000d003d000200200057
:1081800003c820000cfa07006806b000890f5400ed
:1081900007003d000200200003c8200006fa070087
:1081a0006806b000890f540001003d000904780002
:1081b000f207200008014100cf91de00c711dd0069
:1081c00002002000fcf907004f04be00000006007a
:1081d000889fbe0004047800f93f2000890f5400f6
:1081e0000f0034006022b8000600200007fe2700c0
:1081f000d0f80700f83fb100890f54001a0034008e
:108200006022b8000600200007fe2700c9f807001a
:10821000f83fb100890f540012003c0012003700f3
:1082200029c02f00890f54000f003d006022b800c4
:108230000600200007362000bef80700983cb0007a
:10824000890f540008003d006022b800060020009d
:1082500007362000b7f80700983cb000890f54009b
:1082600001003d0009047800f43f200008024200ac
:10827000cfa2de00612bb900c423dd000003eb00b8
:108280006022b800abf807004f04be0000000600f3
:020000040000fa
:10c000000000000000000000000000000000000030
:10c010000000000000000000000000000000000020
:10c020000000000000000000000000000000000010
:10c030000000000000000000000000000000000000
:10c0400000000000000000000000000000000000f0
:10c0500000000000000000000000000000000000e0
:10c0600000000000000000000000000000000000d0
:10c0700000000000000000000000000000000000c0
:10c0800000000000000000000000000000000000b0
:10c0900000000000000000000000000000000000a0
:10c0a0000000000000000000000000000000000090
:10c0b0000000000000000000000000000000000080
:10c0c0000000000000000000000000000000000070
:10c0d0000000000000000000000000000000000060
:10c0e0000000000000000000000000000000000050
:10c0f0000000000000000000000000000000000040
:10c10000000000000000000000000000000000002f
:10c11000000000000000000000000000000000001f
:10c12000000000000000000000000000000000000f
:10c1300000000000000000000000000000000000ff
:10c1400000000000000000000000000000000000ef
:10c1500000000000000000000000000000000000df
:10c1600000000000000000000000000000000000cf
:10c1700000000000000000000000000000000000bf
:10c1800000000000000000000000000000000000af
:10c19000000000000000000000000000000000009f
:10c1a000000000000000000000000000000000008f
:10c1b000000000000000000000000000000000007f
:10c1c000000000000000000000000000000000006f
:10c1d000000000000000000000000000000000005f
:10c1e000000000000000000000000000000000004f
:10c1f000000000000000000000000000000000003f
:10c20000000000000000000000000000000000002e
:10c21000000000000000000000000000000000001e
:10c22000000000000000000000000000000000000e
:10c2300000000000000000000000000000000000fe
:10c2400000000000000000000000000000000000ee
:10c2500000000000000000000000000000000000de
:10c2600000000000000000000000000000000000ce
:10c2700000000000000000000000000000000000be
:10c2800000000000000000000000000000000000ae
:10c29000000000000000000000000000000000009e
:10c2a000000000000000000000000000000000008e
:10c2b000000000000000000000000000000000007e
:10c2c000000000000000000000000000000000006e
:10c2d000000000000000000000000000000000005e
:10c2e000000000000000000000000000000000004e
:10c2f000000000000000000000000000000000003e
:10c30000000000000000000000000000000000002d
:10c31000000000000000000000000000000000001d
:10c32000000000000000000000000000000000000d
:10c3300000000000000000000000000000000000fd
:10c3400000000000000000000000000000000000ed
:10c3500000000000000000000000000000000000dd
:10c3600000000000000000000000000000000000cd
:10c3700000000000000000000000000000000000bd
:10c3800000000000000000000000000000000000ad
:10c39000000000000000000000000000000000009d
:10c3a000000000000000000000000000000000008d
:10c3b000000000000000000000000000000000007d
:10c3c000000000000000000000000000000000006d
:10c3d000000000000000000000000000000000005d
:10c3e000000000000000000000000000000000004d
:10c3f000000000000000000000000000000000003d
:10c40000000000000000000000000000000000002c
:10c41000000000000000000000000000000000001c
:10c42000000000000000000000000000000000000c
:10c4300000000000000000000000000000000000fc
:10c4400000000000000000000000000000000000ec
:10c4500000000000000000000000000000000000dc
:10c4600000000000000000000000000000000000cc
:10c4700000000000000000000000000000000000bc
:10c4800000000000000000000000000000000000ac
:10c49000000000000000000000000000000000009c
:10c4a000000000000000000000000000000000008c
:10c4b000000000000000000000000000000000007c
:10c4c000000000000000000000000000000000006c
:10c4d000000000000000000000000000000000005c
:10c4e000000000000000000000000000000000004c
:10c4f000000000000000000000000000000000003c
:10c50000000000000000000000000000000000002b
:10c51000000000000000000000000000000000001b
:10c52000000000000000000000000000000000000b
:10c5300000000000000000000000000000000000fb
:10c5400000000000000000000000000000000000eb
:10c5500000000000000000000000000000000000db
:10c5600000000000000000000000000000000000cb
:10c5700000000000000000000000000000000000bb
:10c5800000000000000000000000000000000000ab
:10c59000000000000000000000000000000000009b
:10c5a000000000000000000000000000000000008b
:10c5b000000000000000000000000000000000007b
:10c5c000000000000000000000000000000000006b
:10c5d000000000000000000000000000000000005b
:10c5e000000000000000000000000000000000004b
:10c5f000000000000000000000000000000000003b
:10c60000000000000000000000000000000000002a
:10c61000000000000000000000000000000000001a
:10c62000000000000000000000000000000000000a
:10c6300000000000000000000000000000000000fa
:10c6400000000000000000000000000000000000ea
:10c6500000000000000000000000000000000000da
:10c6600000000000000000000000000000000000ca
:10c6700000000000000000000000000000000000ba
:10c6800000000000000000000000000000000000aa
:10c69000000000000000000000000000000000009a
:10c6a000000000000000000000000000000000008a
:10c6b000000000000000000000000000000000007a
:10c6c000000000000000000000000000000000006a
:10c6d000000000000000000000000000000000005a
:10c6e000000000000000000000000000000000004a
:10c6f000000000000000000000000000000000003a
:10c700000000000000000000000000000000000029
:10c710000000000000000000000000000000000019
:10c720000000000000000000000000000000000009
:10c7300000000000000000000000000000000000f9
:10c7400000000000000000000000000000000000e9
:10c7500000000000000000000000000000000000d9
:10c7600000000000000000000000000000000000c9
:10c7700000000000000000000000000000000000b9
:10c7800000000000000000000000000000000000a9
:10c790000000000000000000000000000000000099
:10c7a0000000000000000000000000000000000089
:10c7b0000000000000000000000000000000000079
:10c7c0000000000000000000000000000000000069
:10c7d0000000000000000000000000000000000059
:10c7e0000000000000000000000000000000000049
:10c7f0000000000000000000000000000000000039
:020000040000fa
:04009400ec0200007a
:020000040000fa
:04005800140300008d
:020000040000fa
:04005400560300004f
:020000040000fa
:020000040001f9
:0457fc003f3f00002b
:020000040000fa
:020000040001f9
:0457f8009f79000095
:020000040000fa
:10829000c2500000cc500000d4500000e25000005a
:1082a000404200005c420000704200008e4200002c
:020000040000fa
:1082b0000000fa003cc8bf000080fa000000060081
:1082c0000800fa00008fbe002207980033079800cc
:1082d0001e00be004008de000040780032e0b7001b
:1082e0001e0078009000ba002e009000010878006f
:1082f0001e0078001080ba00804078003e00900098
:10830000014878000080fa00000006000400fa002e
:108310000e80e800800178000e01780000402a00fd
:1083200001002000e6ff07001e0078008040780072
:1083300050c4b30080cf50000a003a001e007800fd
:108340004800de0080407800d0c4b30080cf5000e9
:1083500004003a00ae40900090c4b30080cf5000bb
:108360000200320000c0eb00150037000e80e8006c
:10837000800178000e01780020402a0001002000d2
:10838000cfff07001e0078008040780030c4b300a3
:1083900080cf50000200320000c0eb000800370020
:1083a0000e80e800800178000e01780080402a00ed
:1083b00001002000c2ff07001e0078000040780086
:1083c0000080fa00000006000a00fa00300798005a
:1083d000410798000080eb00000f78000000eb00e0
:1083e000100798001f003700be0090001e0090008c
:1083f00000804000104078000080fb004800dd0055
:108400001e0f68000040eb00404798000f00370047
:108410001e0078000000e00006003d001e0078000d
:1084200000004000800078001002210000806800f9
:10843000020037001e00780000004000000f7800a6
:108440004e4090000040e800404798004e409000a9
:10845000e74f5000eeff36001e0090000000e800dd
:10846000100798009e0090004e009000808f5000f2
:10847000ddff39001e0078000080fa0000000600d1
:108480000200fa00004f780061408000700c20006c
:10849000808f500006003e00604080001e41780042
:1084a000a1c42000827078000000e80060408800cd
:1084b0000080fa00000006000000fa006040800022
:1084c000810c2000008050000080fa0000000600af
:1084d0000000fa000c28ef000080fa0000000600ff
:1084e0000000fa009140800080408000808f5000a2
:1084f0000700310070408000914080000100400082
:10850000104078008100e8009140880001003700a9
:108510000040eb000080fa00000006000000fa00b6
:108520008140800090408000008050000080fa0070
:10853000000006000400fa00000f78001107980000
:108540009e007800714088009e0090008140880065
:108550001228ef000080fa00000006000200fa0076
:10856000c110800000042000008060000000e000d6
:108570001b00320018c2a9001a00370080108000ca
:10858000004f7800c11080000002200000806000d1
:108590000000e00004003a0010c0b30016e8b70085
:1085a0001428ef000f00370016c8bf000004e000d9
:1085b0000c003200a140800070112000808f50001c
:1085c00008003e00a040800021d120001e4178001c
:1085d000827078000000e800a040880001003700a9
:1085e00000000000c0108000620060000000e00099
:1085f000e2ff3a000080fa00000006000000fa00e6
:108600001428ef001668ef000080fa000000060052
:108610000000fa00f0092000a01088003cc8bf004c
:10862000e14f4000030032003cc8bf000080fb0067
:10863000010037000000eb00d010880016c2a9002e
:1086400016e2a8001722a80017e2a8000080fa008e
:10865000000006000400fa001622ef00c842a8003d
:10866000cc62a900c862a9000040eb00004f78006e
:1086700019003700cc62a9000000eb001007980039
:1086800004003700000000001e0090000000e80019
:10869000100798009e009000f0042000808f50008a
:1086a000f8ff3600cc62a8000000eb00100798002d
:1086b00004003700000000001e0090000000e800e9
:1086c000100798009e009000f0042000808f50005a
:1086d000f8ff36001e4fe8001e407800e84f5000bb
:1086e000e4ff3600cc42a900c842a9000000eb001c
:1086f0001007980004003700000000001e009000e2
:108700000000e800100798009e009000f004200090
:10871000808f5000f8ff3600c842a800c862a80049
:10872000bbff0700b5ff0700404080000000e800e5
:10873000404088000080fa00000006000400fa00b3
:10874000204798000000eb00000f78002e409000ba
:108750000080fb0090108800010037007fff0700b9
:10876000c110800000002400008060000000e000d4
:10877000050032001e0fe800f0342c009e00780047
:10878000808f5000f5ff3600c110800000402000af
:10879000008060000000e0000200320010c0b30062
:1087a00008003700f0342c009e007800808f5000c5
:1087b0000200360020c0b3000200370067ff070048
:1087c0000040eb000080fa00000006000a00fa00fa
:1087d00030079800410798000000eb001007980050
:1087e000010037005dff0700c010800068006000d6
:1087f0000000e00003003a0016c8bf000004e000db
:10880000070032001e0090000000e80010079800ea
:108810009e009000f0342c00808f5000f1ff360055
:10882000c0108000680060000000e000030032001b
:1088300088ff070020c0b30068003700c110800027
:1088400000402000008060000000e00001003200d5
:108850001942a900c11080000008200000806000bb
:108860000000e0000100320018e2a9001602a80092
:108870000000eb001007980000000000b01080001e
:10888000610060000000e000070032001e00900060
:108890000000e800100798009e009000f0342c00c3
:1088a000808f5000f5ff3600c110800000082000c6
:1088b000008060000000e0000300320018e2a90020
:1088c00010c0b30045003700c01080006800600091
:1088d0000000e00003003a005eff070020c0b30084
:1088e0003e0037000040eb0094ff0700404798002f
:1088f0000000eb00000f7800060037003e009000fb
:108900001e004000104078008cff07004047980090
:108910001e0fe8004e4090000004e00004003a0002
:108920004e0090009e007800808f5000f3ff3900c9
:108930004e409000e14f500003003a001942a90058
:1089400010c0b300250037004e409000e24f5000a9
:1089500003003a003fff070020c0b3001f003700ac
:108960001642a8000000eb0010079800000000006d
:10897000b0108000640060000000e00008003200d9
:108980001e0090000000e800100798009e00900074
:10899000f0342c00808f5000f5ff360001003700c6
:1089a00000000000c0108000700060000000e000c7
:1089b00007003a001e0090000000e8001007980031
:1089c0009e009000f0a52e00808f5000f5ff36002d
:1089d000e2fe070009ff07000040eb000080fa00fc
:1089e000000006000000fa001ec8bf000080fb0067
:1089f0000000e9004f00de00004078000080fa002f
:108a0000000006000400fa00000f7800110798002b
:108a10001ec8bf00e14f500004003e009e009000c1
:108a2000000e2000808f500005003600504080006e
:108a30000000e800504088000040eb0022003700b2
:108a40001dc8bf008080fb00000e20000088b90018
:108a500080007800a0e22000008040001e0190000d
:108a60009e007800e6df07001dc8bf000080fb0005
:108a70008000400080812000008040009e00900027
:108a8000010878001dc8bf000080fb008000e800de
:108a900010002800008060000000e00004003d009d
:108aa0000000e900e1ff2f00008070000000e800f6
:108ab000004078001de8b7001ec8bf000040e80075
:108ac0001ee8b70010c0b3000080fa0000000600e6
:108ad0000200fa001ec8bf000004e0005c00320083
:108ae00016c8bf000004e0005b003a0000418000af
:108af0000000e00004003200004180000000e900b6
:108b000000418800550037001cc8bf000080fb00f2
:108b1000800040008081200000804000100178002b
:108b2000a3e220001cc8bf008080fb00000e2000d4
:108b30000088b900000078000080410082007800c1
:108b400022ff0700004f78001e4078000004e0007c
:108b500015003a00004080000000e8000040880056
:108b60001cc8bf000080fb008000e8001000280047
:108b7000008060000000e00004003d000000e9000b
:108b8000e1ff2f00008070000000e8000040780046
:108b90001ce8b7001ec8bf000040e9001ee8b7008f
:108ba0001f68ef002d0037001e407800e14f500095
:108bb00009003a00304080000000e80030408800a2
:108bc00001088000f0072000008060007400400071
:108bd00000418800210037001fc8bf000040e800a6
:108be0001fe8b7001fc8bf00e14f50001500360056
:108bf0001cc8bf000080fb008000e80010002800b7
:108c0000008060000000e00004003d000000e9007a
:108c1000e1ff2f00008070000000e80000407800b5
:108c20001ce8b7001ec8bf000040e9001ee8b700fe
:108c30001f68ef00504080000000e80050408800ae
:108c400006003700401f2000004188000300370065
:108c50000000000001003700000000000080fa0062
:108c6000000006000800fa0020079800310798006d
:108c70003e009000e30f50002d0036002e009000c3
:108c800010407800e14f500029003a002e0090007b
:108c90000000e800104f78001e4078000004e0005b
:108ca000060032001e80fb00640040008000780057
:108cb0003e009000808f5000040032005040800041
:108cc0000000e80050408800860037001e80fb004e
:108cd0000080e800800078002e009000bafd0700b8
:108ce0009e80fb008180e8002e0190008100410001
:108cf000914078000181fb009e80fb00e3804000f2
:108d0000ae01900081804100914078008180fb009d
:108d1000c808dd0082807000810f500055003200cd
:108d2000204080000000e800204088006d003700ef
:108d30003e009000e80f50004a0036002e009000e0
:108d400010407800ef4f5000460036002e00900093
:108d500065004000104078008080fb002e009000ed
:108d600066004000104078000080fb004800dd00f5
:108d700001007000100798002e0090000000e8002d
:108d8000104078008080fb00000e20008080600092
:108d900000022000808f500009003a001e00900061
:108da000e90040003e009000808f500004003a002f
:108db0009e00900000102000808f500004003600bc
:108dc000504080000000e800504088004500370017
:108dd0001e00900067004000800078002e00900088
:108de00079fd07009e009000e78040002e01900072
:108df00081004100914078000181fb009e009000bd
:108e0000e8804000ae0190008180410091407800f0
:108e10008180fb00c808dd0082807000810f500057
:108e200004003200204080000000e800204088005c
:108e30002c0037002e0090000080e80010407800e1
:108e40000004e0000d0032002e0090000080e800d9
:108e5000904078003cc8bf0080cf5000090032002d
:108e600020003700504080000000e800504088009b
:108e70001c00370000000000030037000000000065
:108e80000100370000000000104080000000e800f2
:108e9000104088002e009000104078000080fb00f9
:108ea000e10f500003003200f20f500005003200c5
:108eb00008003700be0090002e0090007c070700dd
:108ec00008003700be0090002e009000ad0507009e
:108ed00004003700504080000000e8005040880047
:108ee000000000000080fa00000006004600fa00c2
:108ef00000c7980011c798001227980043c7980030
:108f00004ec090000080fb000000e80010079800b1
:108f1000cec0900000c3b30080cf50003a003e00a6
:108f200000c1b3006047980000c2b30070479800ca
:108f30008ec09000014f98003cc8bf00104f9800b1
:108f400022c8bf00204f98000040e80022e8b70088
:108f50001e00900000407800304f98000040eb0069
:108f6000404f98009ec09000514f98000040eb0089
:108f7000004f7800090037001e80fb0068004000a9
:108f80009e80fb001e2190008100410091407800ee
:108f900000004700614098001e4fe8004ec090005e
:108fa0009e40780080cf5000f3ff39001e009000f3
:108fb000e70040006600470003fd07002007980017
:108fc0001e00900067004000ae00900081407800d5
:108fd00000004700614098001e00900068004000bb
:108fe000ae009000c808de00814078000000470015
:108ff000614098001e009000e900400066004700b4
:1090000080fe070001003700000000000080fa0029
:10901000000006000200fa00bcfc0700004f7800c8
:109020001e407800e74f50000800360070c7b300bc
:109030009e40780080cf500004003e001e41780022
:10904000c18320008248780002003700a0c1b3002d
:109050003ce8b7006efd07000080fa000000060043
:109060000000fa003dfd070016c8bf000004e00044
:109070000d003200c0108000700060000000e000b1
:10908000090032001668ef00a04080000000e000f8
:1090900004003200a04080008000780020d1200031
:1090a000f0fe07001428ef0089fe07000080fa0098
:1090b000000006001600fa00200f9800640f470019
:1090c0000000eb0010079800090037002e08900000
:1090d00010007800000001009e00780080487800b1
:1090e0001e0fe8001e0090000000e8001007980026
:1090f0001e009000ef0f500005003c002e0890006d
:1091000010009000000001000000e000efff3a00b6
:109110001e0078008040eb000148780064004700a2
:1091200095dd07000080fa00000006001600fa0036
:10913000200f9800640f47000000eb001007980014
:10914000090037002e089000100078000000010090
:109150009e007800804878001e0fe8001e009000f6
:109160000000e800100798001e009000ef0f50006c
:1091700005003c002e089000100090000000010047
:109180000000e000efff3a001e0078008040eb0096
:10919000014878004e4090000080fa000000060070
:1091a0001600fa00200f9800640f47000000eb0043
:1091b00010079800090037002e0890001000780072
:1091c000000001009e007800804878001e0fe80033
:1091d0001e0090000000e800100798001e0090009c
:1091e000ef0f500005003c002e089000100090008a
:1091f000000001000000e000efff3a001e007800d0
:109200008040eb00014878006400470066dd0700fd
:10921000004078000080fa00000006001600fa0006
:10922000200f9800640f47000000eb001007980023
:10923000090037002e08900010007800000001009f
:109240009e007800804878001e0fe8001e00900005
:109250000000e800100798001e009000ef0f50007b
:1092600005003c002e089000100090000000010056
:109270000000e000efff3a001e0078008040eb00a5
:10928000014878006400470047dd07000080fa00cd
:10929000000006001600fa00200f9800640f470037
:1092a0000000eb0010079800090037002e0890001e
:1092b00010007800000001009e00780080487800cf
:1092c0001e0fe8001e0090000000e8001007980044
:1092d0001e009000ef0f500005003c002e0890008b
:1092e00010009000000001000000e000efff3a00d5
:1092f0001e0078008040eb000148780064004700c1
:1093000059dd07000080fa00000006001600fa0090
:10931000200f9800640f47000000eb001007980032
:10932000090037002e0890001000780000000100ae
:109330009e007800804878001e0fe8001e00900014
:109340000000e800100798001e009000ef0f50008a
:1093500005003c002e089000100090000000010065
:109360000000e000efff3a001e0078008040eb00b4
:1093700001487800640047006fdd07000080fa00b4
:10938000000006001600fa00200f9800640f470046
:109390000000eb0010079800090037002e0890002d
:1093a00010007800000001009e00780080487800de
:1093b0001e0fe8001e0090000000e8001007980053
:1093c0001e009000ef0f500005003c002e0890009a
:1093d00010009000000001000000e000efff3a00e4
:1093e0001e0078008040eb000148780064004700d0
:1093f000eddc0700004078000080fa000000060065
:109400001600fa00200f9800640f47000000eb00e0
:1094100010079800090037002e089000100078000f
:10942000000001009e007800804878001e0fe800d0
:109430001e0090000000e800100798001e00900039
:10944000ef0f500005003c002e0890001000900027
:10945000000001000000e000efff3a001e0078006d
:109460008040eb000148780064004700cedc070034
:109470000080fa00000006001600fa00200f980095
:10948000640f47000000eb00100798000900370048
:109490002e08900010007800000001009e00780067
:1094a000804878001e0fe8001e0090000000e800d1
:1094b000100798001e009000ef0f500005003c00c0
:1094c0002e08900010009000000001000000e00055
:1094d000efff3a001e0078008040eb000148780062
:1094e00064004700e0dc07000080fa00000006008e
:1094f0001600fa00200f9800640f47000000eb00f0
:1095000010079800090037002e089000100078001e
:10951000000001009e007800804878001e0fe800df
:109520001e0090000000e800100798001e00900048
:10953000ef0f500005003c002e0890001000900036
:10954000000001000000e000efff3a001e0078007c
:109550008040eb000148780064004700f6dc07001b
:109560000080fa00000006000a00fa0020079800b8
:109570003107980042079800be009000010f780064
:109580000000eb0010079800090037002e00900043
:1095900010007800000001009e00780080487800ec
:1095a0001e0fe8001e0090000000e8001007980061
:1095b0009e0090004e009000808f500005003d00fe
:1095c0002e00900010009000000001000000e0005c
:1095d000eeff3a001e0078008040eb000148780062
:1095e0000080fa00000006005e00fa00881f780084
:1095f000402f9800512f9800622f9800de2890008d
:10960000010f78000e017800e202b00004000900aa
:109610000019eb000000eb002007980077013700ed
:109620001e0078009040780050c2b30080cf5000f8
:109630002c013a000000eb002007980000012000f8
:1096400030079800e00220000e004000a200200039
:109650008000eb00f1dc07000000eb001007980031
:10966000080137001e00780090407800e2022000d8
:109670000e0141001e0090000000410001487800ea
:109680001e007800104078000000fb0061062000fa
:10969000810f5000d400320061062000810f50007d
:1096a00007003c0031062000810f50000e00320000
:1096b00041062000810f500075003200ed00370098
:1096c000c1062000810f5000130032005107200016
:1096d000810f50001800320081062000810f5000d9
:1096e00011003200e300370010002000200798002e
:1096f0006e2890000080e900602f98006e2890008e
:109700001000780000407800007f98000040eb00d7
:10971000107f9800d70037003e0090000000400006
:1097200030079800d30037003e0090000000d100c1
:1097300030079800cf003700100020002007980065
:109740001e0090000000e800000047008040eb0091
:10975000616898003e009000f00f50000c0032004d
:10976000f00f500003003e00e80f500008003200e8
:10977000c000370001022000810f500015003200a8
:1097800001042000810f500026003200b90037008c
:109790006e2890000080e900602f98006e289000ed
:1097a0009001780063079800800320000e004000bd
:1097b0006e029000841f7800e10220008e8040003d
:1097c000811f780001022000f8dc0700e4875700c1
:1097d0002e0037006e28900064005000602f980023
:1097e0006e2890001003be0076079800070f9800bf
:1097f000820320000e0141007e0090008e08900040
:10980000809fbe00e00220000e004000801f780014
:109810000102200002007800e4dc0700e687570020
:109820001a0037006e28900068005000602f9800e2
:109830006e2890003002be002003be00140f980076
:10984000250f9800360f9800470f980084032000da
:109850000e0242001e089000ae0890003e099000e3
:10986000ce099000809fbe00829fbe00e0022000d3
:109870000e004000801f78000102200004007800e4
:10988000cadc0700ea8757000000000079003700b3
:1098900010002000200798001e0090000000e80043
:1098a000000047008040eb00616898003e00900097
:1098b000f00f50000c003200f00f500003003e008b
:1098c000e80f5000080032006a0037000102200053
:1098d000810f50001500320001042000810f50005c
:1098e00026003200630037006e2890000080e900f7
:1098f000602f98006e28900090027800550f980015
:10990000800320000e0040005e0b9000861f780050
:10991000e10220008e804000811f780001022000bb
:10992000a2dc0700e48757002e0037006e28900065
:1099300064005000602f98006e2890001001be0057
:10994000620f9800730f9800820320000e014100ff
:109950006e089000fe089000809fbe00e00220008c
:109960000e004000801f78000102200002007800f5
:109970008edc0700e68757001a0037006e2890003b
:1099800068005000602f98006e2890003002be00e2
:109990002003be000417980015179800261798009a
:1099a00037179800840320000e0242000e1090002a
:1099b0009e1090002e119000be119000809fbe005e
:1099c000829fbe00e00220000e004000801f780051
:1099d000010220000400780074dc0700ea875700c9
:1099e000000000002300370010002000200798002e
:1099f0001e0090000000e800000047008040eb00df
:109a0000616898003e009000f00f500003003200a3
:109a100001022000810f500015003a006e289000ce
:109a200064005000602f98006e2890001003be0064
:109a30004617980057179800820320000e01410036
:109a40004e109000de109000809fbe00e0022000cb
:109a50000e004000801f7800010220000200780004
:109a600052dc0700e68757000000000001003700c5
:109a7000000000001e0fe8001e0090000000e8003b
:109a8000100798001e009000e80f500003003e00f1
:109a90002e0090000000e000f2fe32008003200063
:109aa0000e00400040079800080037004e28900044
:109ab000900078004e0090001040780001000100f6
:109ac0004e0090000000e800400798004e00900013
:109ad000104078000004e000f4ff3a001e0fe90097
:109ae000450037001e0078009040780040c2b30067
:109af00080cf50003b003a001e0fe8001e007800a7
:109b0000104078000004e000410032001e007800a0
:109b1000104078000000fb0021072000810f50005a
:109b20001700320031072000810f500027003a0053
:109b30006e2890000080e900602f98006e28900049
:109b40009003780057079800080037004e289000cf
:109b5000900078005e009000104078005e01900058
:109b60000201e80052079800010001005e00900029
:109b7000104078000004e000f4ff3a001e003700b7
:109b80006e2890000080e900602f98006e289000f9
:109b90009000780061179800060037004e2890006a
:109ba000100478006e109000100078000000010092
:109bb000080001006e1090001000900000000100ed
:109bc0000000e000f5ff3a000b0037004e2890003f
:109bd000900078001e00780010407800010001001d
:109be000050037004e289000900078001e00780095
:109bf00010407800010001001e0fe8001e007800f0
:109c0000104078000004e00085fe3a0001003700b3
:109c1000000000004f0478000080fa0000000600f9
:109c20000200fa00000f78001e0078008000eb00b0
:109c300001009a001e0078008000eb0011009a00dd
:109c40001e0078008000eb0021009a000080fa00de
:109c5000000006000200fa00000f78001e007800e5
:109c60002000920000f0a7000000ea000000e900d8
:109c70004f00de000080fa00000006000200fa003b
:109c8000000f78001e007800a00092000020200045
:109c90000080680000f0a7000000ea000000e90072
:109ca0004f00de00004078000080fa00000006004f
:109cb0000200fa00000f78001e00780020009200d9
:109cc0000080fa00000006000400fa00000f78008f
:109cd000214798009560a9009580a90040a4200024
:109ce0009e007800808f500005003a001e0078002a
:109cf000200092000000e00001003a008580a800ea
:109d00001e007800100092009e0078002e41900006
:109d1000827078001e007800100092008000e80039
:109d2000f01f2000808060001e00780011009a0063
:109d30001e007800200092008000e8001e007800dd
:109d400021009a001e007800a0009200f01f200061
:109d5000808f5000030036001e0078000120200094
:109d600021009a009560a8009580a8000080fa0064
:109d7000000006000400fa00100798009560a90092
:109d80009580a9000040eb00004f78001e00900075
:109d9000000092009e009000614f78001e0090002d
:109da000000092008000e800f01f2000808060002a
:109db0001e00900001009a001e00900020009200fa
:109dc0008000e9001e00900021009a009560a80024
:109dd0009580a8001e4078000080fa000000060070
:109de0000400fa00100798001e0090008000920006
:109df0001e00900020009200008040008000e900da
:109e0000f01f2000008f60001e0090001e00400028
:109e1000104078000080fa00000006000000fa0000
:109e20002162a8002122a8002102a9000080fa00d6
:109e3000000006000200fa00004f78002162a9002d
:109e40002102a9001e417800818320008248780009
:109e50009e40780061c060000080fb0061006000ef
:109e60004900dd00011180000190a1000100700097
:109e7000001188000080fa00000006000200fa00cd
:109e8000004f78009e40780061c060000080fb00b9
:109e9000610060004e00dd001111800001e0a100b2
:109ea00001007000101188001e41780061406100bf
:109eb0000080fb00610060004400dd0001118000b3
:109ec0000140a10001007000001188001e417800cf
:109ed00091832000824878000080fa00000006008c
:109ee0000400fa00008fbe001e00be0002842300a2
:109ef00003002000820f5000838f5800440032007e
:109f00000284230003002000820f5000838f58003a
:109f100020003e000296200003002000820f500027
:109f2000838f58003a003200029620000300200080
:109f3000820f5000838f58000b003e0082252000c6
:109f400003002000820f5000838f58003000320041
:109f5000024b200003002000820f5000838f580026
:109f60002b00320037003700022c210003002000b4
:109f7000820f5000838f58002500320002582200c3
:109f800003002000820f5000838f58002000320011
:109f90002c0037000260290003002000820f5000cf
:109fa000838f58001a00320002602900030020004d
:109fb000820f5000838f58000b003e0002b0240037
:109fc00003002000820f5000838f580010003200e1
:109fd0000208270003002000820f5000838f5800e2
:109fe0000b0032001700370002ac2d0003002000e8
:109ff000820f5000838f58000500320002102e009f
:10a0000003002000820f5000838f58000d003a009b
:10a010001e01be004418dd00cc10de00810070007f
:10a020004410dd000001be0000402200410f20006e
:10a03000c1d90700000078000000e9004011880045
:10a0400003003700502c2000401188000000000061
:10a050000080fa00000006000000fa00113a8000bb
:10a06000f00b2000008160006004200071052000da
:10a070002374200080497800814978008249780063
:10a080005136800000fe2f00008060003000b300d9
:10a09000503688002135800000fe2f0000806000cf
:10a0a000f000b3002035880021358000f00f2e002d
:10a0b0008080600000702000010070002035880062
:10a0c00051368000f00f2e000080600000a0a0003c
:10a0d00050368800103a8000000178000260a0002d
:10a0e000600420007105200023742000804978005e
:10a0f00081497800824978002062a9000058220036
:10a100000100200076ff07002022ef0021e2a800d6
:10a1100023a2a90023e2a9002342a8009560a80079
:10a120009580a800e0832000bdfe070040a4200029
:10a13000bbfe07000080fa00000006000000fa00e5
:10a1400021e2a9002342a9009560a9009580a900f9
:10a150000080fa00000006000000fa0021e2a800da
:10a160002342a8009560a8009580a800e083200005
:10a17000abfe070040a42000a9fe07000080fa0003
:10a18000000006000000fa00e0832000f9fe07004e
:10a190000080fa00000006000000fa001052800063
:10a1a0000080fa00000006000200fa00004f78006c
:10a1b0009e40780040a42000c3fe07000080fa0003
:10a1c000000006000000fa0040628000012020002c
:10a1d000008050000080fa00000006000400fa0031
:10a1e000000f7800214798002e4090008080fb00ef
:10a1f0001e007800605090000000fb00808f50002f
:10a2000003003a001e0078005400070018003700d1
:10a210001e007800a00890001e0078001000780052
:10a2200000804000ae409000014878001e00780099
:10a23000100078008000e8001e0078000108780017
:10a240001e007800300090008000e8001e007800ba
:10a25000310098001e007800900078001e00780001
:10a2600040089000808060001e007800010878009f
:10a270000080fa00000006000400fa00000f7800d9
:10a28000214798001e007800a00890001e0078006a
:10a290001000780000804000ae4090000148780037
:10a2a0001e007800100078008000e8001e00780092
:10a2b000010878001e007800300090008000e8005f
:10a2c0001e007800310098001e0078009000780091
:10a2d0001e00780040089000808060001e0078001a
:10a2e000010878000080fa00000006000400fa006f
:10a2f000100798001e009000a00890001e0090001b
:10a300001000900000804000104f78001e00900068
:10a31000100090008000e8001e00900011009800de
:10a320001e009000400090008000e9001e00900098
:10a33000410098001e009000900090001e009000c8
:10a3400040089000808060001e009000110098007e
:10a350001e4078000080fa00000006000200fa00ab
:10a36000000f78001e007800900890001e00780012
:10a370006000900000004000008040009e007800d7
:10a38000b1009000010878001e0078006000900085
:10a390008000e8001e007800610098001e00780030
:10a3a000000890008000e8001e0078000108980076
:10a3b0001e0078008000eb00310098001e0078003d
:10a3c000e00090001e00780050089000808060003f
:10a3d0001e007800610098000080fa00000006006e
:10a3e0000200fa00000f78001e007800900890002c
:10a3f0001e007800700090000000400000804000c7
:10a40000900078001e007800410098001e0078003f
:10a41000900090001e007800210098001e00780037
:10a42000c00090001e007800510098001e007800c7
:10a43000700090008000e8001e0078007100980015
:10a440001e007800000890008000e9001e007800df
:10a45000010898001e007800f00090001e007800af
:10a4600050089000808060001e0078007100980005
:10a470000080fa00000006000200fa00000f7800d9
:10a480001e007800a00090001e00780011009800c7
:10a490001e007800d00090001e0078004100980057
:10a4a0000080fa00000006000200fa00000f7800a9
:10a4b0001e007800900090001e0078004000900080
:10a4c000808040001e007800110098001e00780077
:10a4d000900090001e00780040089000808060008e
:10a4e0001e007800110098001e0078008000eb002c
:10a4f000410098000080fa00000006000800fa0001
:10a500001007980041479800524798003307980079
:10a510004e4090000080fb006500b900000078000c
:10a520000000e8009e009000008f40001e007800b0
:10a53000de409000014878001e00e800be00900058
:10a5400081407800014878001e80e800be0090003d
:10a55000c808de0081407800014878009e0078003d
:10a56000638040008040eb00014878009e00780046
:10a57000648040008040eb00014878000080fa00d1
:10a58000000006002c00fa004017980051179800b0
:10a590004e10900065004000104078008080fb0065
:10a5a0004e10900066004000104078000080fb00d4
:10a5b0004800dd0001007000200798004e10900058
:10a5c0006300400090407800614798004e10900072
:10a5d0006400400090407800714798002e00900081
:10a5e0000000e000810032004e1090000080e80082
:10a5f000104078000004e00007003a004e10900080
:10a600006700400010407800e64f500079003a00a3
:10a610000000fe00780037004e10900067004000f8
:10a62000104078000080fb00e40f5000470032002b
:10a63000e40f500003003c00e30f5000160032000e
:10a640006d003700e50f500003003200e60f5000a8
:10a650004e003200680037002e0090000040780065
:10a66000004fe9001e407800f04f50000200360015
:10a6700000c1b300004f78004e1090006800400009
:10a680009e41780000017800fe4090006e409000ee
:10a6900016fa07005800370060c0b300004f98005a
:10a6a00001408000680047008101780012c0b300bb
:10a6b0008040eb0091ff07001140800068004700d8
:10a6c0008101780022c0b30011c0b3008bff0700e6
:10a6d00021408000680047008101780032c0b3004b
:10a6e00021c0b30085ff07003140800068004700ab
:10a6f0008101780042c0b30031c0b3007fff070082
:10a7000041408000680047008101780052c0b300da
:10a7100041c0b30079ff0700514080006800470046
:10a720008101780062c0b30051c0b30073ff07001d
:10a7300068004700f3c1b30000017800fe409000bc
:10a740006e409000e9f907002b0037000428ef0065
:10a7500020408000104088001040800000408800a9
:10a760000a28ef00504080004040880040408000b0
:10a77000304088008041eb000001eb00fe4090007b
:10a780006e409000d9f907001b0037008041eb00b4
:10a790000001eb00fe4090006e409000d3f90700ee
:10a7a0000000eb0010079800040037002cfa0700a7
:10a7b0008cf807000004e00008003a001e0090003a
:10a7c0000000e800100798009e009000f0342c0074
:10a7d000808f5000f5ff36000100370000000000b8
:10a7e0000000fe0000000000030037000000000031
:10a7f00001003700000000000080fa0000000600a1
:10a800000000fa00904180000000e00007003200e4
:10a81000a006210080c0eb0001487800a141800023
:10a820000000200082062100390007000080fa00a5
:10a83000000006000200fa00004f780090418000fe
:10a84000810621001e417800827078000000e80037
:10a850009041880090418000e20f500009003600ce
:10a86000a14180000000200082062100280007008e
:10a87000a04180000080e800a04188003228ef005d
:10a8800004003700904180008106210000c1eb00e8
:10a89000827078000080fa00000006000800fa00cc
:10a8a0001007980021079800320798001e009000ba
:10a8b0000040780032e0b700ae009000010f780051
:10a8c0001e0078001000ba00804078003e00900022
:10a8d000014878003e0090000000e8009e007800eb
:10a8e0009100ba00c808de00814078000148780075
:10a8f0003e0090000080e8009e0078009180ba0041
:10a9000081407800014878000080fa0000000600cd
:10a910000c00fa0030079800410798005207980091
:10a9200030002400003b88004e009000800078003a
:10a930000100a100010f78003e0090000040780067
:10a9400032e0b7005e0090000000e80010407800a0
:10a950000000fb00100798001e0090004800dd007a
:10a96000100798005e009000104078008000fb0007
:10a97000f00f2000008060009e0090000100700039
:10a98000100798005e0090000080e80010407800fa
:10a99000404798001e0078009e0090000108bb0010
:10a9a0004e4090008080fb001e0078000188bb00b4
:10a9b0000500fc0050052000303b8800a00a200064
:10a9c000303b880061e7a8000000000000000000a4
:10a9d00000000000013b80000000280000806000b3
:10a9e0000000e000fbff3a000080fa0000000600d3
:10a9f0000600fa00100798002107980020042400a0
:10aa0000003b8800ae00900000f02f00008f600037
:10aa10001e0090000040780032e0b7001e00780071
:10aa20008000eb000108bb000500fc005005200081
:10aa3000303b8800a00a2000303b880061e7a80076
:10aa4000000000000000000000000000013b80004a
:10aa500000002800008060000000e000fbff3a00da
:10aa60000080fa00000006000200fa009041800019
:10aa70000000e00007003a00a14180000000200033
:10aa80008206210085ff0700a04180000080e800c9
:10aa9000a04188009041800081062100614f78002c
:10aaa0000000e8009041880090418000e20f5000d3
:10aab000010036003228ef001e4078000080fa00c6
:10aac000000006001001fa006800570050079800c7
:10aad0007ff607005e00900000017800ceb8970076
:10aae00000152c00c0fa07000000eb00000f7800f2
:10aaf000010037001e0fe800604080009e007800d3
:10ab0000808f500005003100a0c420001e004000ce
:10ab100010407800e94f5000f6ff3a001e00780020
:10ab2000f00f500004003600504080000000e800a4
:10ab3000504088005c003700604080009e00780034
:10ab4000808f500004003100604080001e005000e3
:10ab50000000e900010037000000eb00200798002a
:10ab60002e0090001e0040000000e8003007980012
:10ab70003e0090000000e00004003200be009000a3
:10ab8000f00f2000808f50000400360050408000fd
:10ab90000000e800504088004300370010c0b300b8
:10aba000404f98003e00900000407800504f9800c1
:10abb0001e00780000407800604f98000000eb0015
:10abc000100798000b0037001e0090006300400043
:10abd000a2c420009e0090008100410091407800b6
:10abe00000004700414898001e0090000000e80067
:10abf000100798001e0090009e0f5000f2ff3900d1
:10ac00000000eb00100798000d0037001e009000b8
:10ac10001e004000630040009e0090009e804000a7
:10ac20008100e800a2c42000e2c0780000004700d4
:10ac3000414898001e0090000000e80010079800ae
:10ac40009e0090002e009000808f5000efff390092
:10ac50003e0090008080e8006c004700daf50700b5
:10ac6000400798003e0090000080e800ce00900071
:10ac70008140780000004700414898003e00900065
:10ac800063004000ce009000c808de0081407800dc
:10ac900000004700414898003e009000e40040005a
:10aca0006c00470057f707000080fa00000006001c
:10acb0000400fa00000f7800110798000080fa00e5
:04acc000000006008a
:020000040000fa
:10acc4003608000002000000000000002e0800000a
:10acd4000400000000000000240800000a00000036
:10ace400000000003e0800000c040000000000000a
:10acf4003808000002000000000000003a080000cc
:10ad040002000000000000004a0c0000a003000044
:10ad14000000000000080000240000000000000003
:10ad24003c0800000200000002000000ff000000d8
:10ad340068100000040000000200000000002d0064
:10ad44002d00000032080000040000000000000094
:10ad54005e1000000a000000000000006c100000fb
:10ad64000200000000000000ea0f000036000000ae
:10ad740002000000696e6600696e69007479000063
:10ad84006e616e0000000a00000000006400000014
:10ad940000e803000000100027000000a086010066
:10ada400004042000f0080009698000000e1f5008a
:10adb400055f70008900ff00092f0f0020100000bc
:10adc4001e00000002000000286e69006c290000cb
:10add40025006800076c09004c836a009074a00089
:10ade4007ac000008068880000846c0082008100c2
:10adf4003e1000001000000002000000494e460012
:10ae040000696e0066004e00414e00006e616e00e7
:10ae1400000000004e1000001000000002000000be
:10ae2400494e460000696e0066004e00414e000027
:10ae34006e616e00000000006e1000000200000051
:08ae4400000000000000000006
:020000040000fa
:10ae4c000000fa0012c4b300803e20000100200074
:10ae5c007f0007000080fa00000006000000fa00e6
:10ae6c00e0052100104078000004e00007003200eb
:10ae7c004006210011c0b3000148780030838000e7
:10ae8c000000e8003083880004003700e005210052
:10ae9c0011c0b30001487800170007000080fa00c9
:10aeac00000006000000fa00e005210010407800c8
:10aebc000004e0000b003200d30007000001be00cc
:10aecc0000838000118380000000510081805900b4
:10aedc00e00f5000e08f580004003500060007001a
:10aeec0003003700000000000100370000000000e4
:10aefc000080fa00000006000000fa00e0052100c6
:10af0c00104078000080fb00e10f5000030032007d
:10af1c00e20f50000c0032000d00370010c0b300df
:10af2c00a1000700b8000700401fb0000180b0006e
:10af3c000083880011838800e005210021c0b30044
:10af4c0001487800120037000040eb009600070023
:10af5c00e00521008040eb0001487800400621000c
:10af6c00104078000004e000090032004006210087
:10af7c008040eb0001487800e005210011c0b300cf
:10af8c0001487800a0000700008388001183880026
:10af9c000080fa00000006000200fa003228ef00e0
:10afac0001002600000020008efe07000000260095
:10afbc00a0418800e0c4b3001bfe07000080200005
:10afcc00000f7800040037001e0078001040780055
:10afdc0015fe07001e0fe800008020009e00780080
:10afec00808f5000f8ff390002fe07000080fa0045
:10affc00000006000200fa003228ef0000002600d4
:10b00c00a041880095fe0700e1c4b300814f5000b9
:10b01c000c003a0000802000000f7800040037007c
:10b02c008efe07009e007800804878001e0fe80016
:10b03c00008020009e007800808f5000f8ff3900bf
:10b04c0001003700000000000080fa00000006003c
:10b05c000600fa00008fbe00424798001e01be0099
:10b06c004241880053418800ce409000c3822000aa
:10b07c008149780064000700204188003141880034
:10b08c000080fa00000006000000fa004041800039
:10b09c0051418000e00f5000e08f58001700320043
:10b0ac00590007000001be002041800031418000a2
:10b0bc0000015100818159004041800051418000c4
:10b0cc00800f5100818f59000c003600c182200086
:10b0dc009140780040c5b30080cf500003003a0087
:10b0ec002828ef002a28ef0003003700460007004d
:10b0fc00204188003141880058ff07000080fa0089
:10b10c00000006000000fa00700007000080fa0042
:10b11c00000006000200fa0068005700000f7800db
:10b12c001e00780000017800ceb89700c0142c00e7
:10b13c002af90700a0c0b30018fc07000080fa0031
:10b14c00000006000000fa000080fa000000060073
:10b15c000200fa00004f78001e407800ea4f5000c1
:10b16c0003003a0010c0b3003ae8b7000300370000
:10b17c009e407800e0832000d0fa07000080fa009f
:10b18c00000006000000fa0040a42000c5fa0700e9
:10b19c000080fa00000006000000fa00c8c2a900f6
:10b1ac000080fa00000006000200fa00004f780050
:10b1bc001e80fb00e10f500006003200e20f500031
:10b1cc00060032000000e0000d003a00cac2a900df
:10b1dc000b003700cac2a8000900370051168000c6
:10b1ec0000042000008060000000e000020032003b
:10b1fc00cac2a90002003700cac2a80000000000a1
:10b20c000080fa00000006000000fa007041800087
:10b21c00814180000080fa00000006000000fa0066
:10b22c00704180008141800061004000e080480056
:10b23c0070418800814188000080fa0000000600ff
:10b24c000000fa0040912500150007000080fa006c
:10b25c00000006000000fa0000042300203a8800d9
:10b26c000080eb00601988000080fa0000000600e6
:10b27c000000fa00f7ff0700f1ff0700c6ff070008
:10b28c00a0ff070060f70700edfe07007eff070038
:10b29c00acff07006ff7070015000700fbff370036
:10b2ac000200fa00000f78009e007800b14188007f
:10b2bc0000022800f0088800a00f2000d0088800a9
:10b2cc009760a8000080fa00000006000000fa0059
:10b2dc00c9c2a900cbc2a8005cfb07000080fa0021
:10b2ec00000006000000fa000080fa0000000600d2
:10b2fc000000fa00ebfe07000080fa0000000600d8
:00000001FF
